Customer Level Analysis ,,,,
,,,,
,,,,
,,,,
10.    Identify Completion rate at source level.,,,,
,,,,
Source,Average of Completion Rate,,,
Facebook,99.58%,,,
Google,99.55%,,,
Instagram,99.46%,,,
Offline Campaign,99.44%,,,
Organic,99.63%,,,
Snapchat,99.57%,,,
Grand Total,99.55%,,,
,,,,
,,,,
,,,,
,,,,
,,,,
,,,,
11.    Calculate LTV for every customer.,,,,
,,,,
User ID,Average of LTV,,,
GIA238253,5065,,,
KNA1340278,4072.375,,,
PMY78943,3074.375,,,
AXP514397,2405,,,
KTW1375981,2090,,,
WAD775792,2080,,,
YBQ2383568,2067,,,
ORS1154591,2037,,,
IMY418921,2031,,,
EDN461941,1901.5,,,
NYU2653865,1769,,,
VBS2518354,1644.75,,,
RLK164158,1639,,,
QMJ922017,1625,,,
XFC315768,1612.666667,,,
YIS1814874,1567.363636,,,
PQE2657720,1559,,,
IXV2131200,1545,,,
ZFB19103029,1533,,,
IQV1573038,1520,,,
PBN2096354,1516.5,,,
NID815603,1506.944444,,,
ITM1677382,1467,,,
FNT462541,1454,,,
QFC990714,1424,,,
NJQ178693,1421,,,
QSW2349812,1369,,,
ACK2490276,1365,,,
XZT2055119,1356,,,
PET2597134,1346,,,
VMJ576851,1336,,,
AJM1390357,1326,,,
BNJ1934824,1299,,,
TLU2458521,1287,,,
ZLU390051,1272.5,,,
KNG1790585,1271,,,
WRK1974667,1268.25,,,
UKA1666951,1265,,,
HGL15100389,1251,,,
VNF459853,1248,,,
DOP1254117,1245,,,
MJX2280070,1229.5,,,
FEU2048855,1227,,,
THD263822,1222,,,
WZN1283940,1220,,,
OSL850553,1218,,,
VWR1755626,1214,,,
JXK524522,1208.333333,,,
IRN189186,1207,,,
WKY2190168,1205,,,
OPG482560,1196.8,,,
HYY1551984,1193,,,
HEW1259604,1185,,,
OKS1976293,1184,,,
JIR21106779,1182.5,,,
HON675186,1179.083333,,,
YZZ484177,1175,,,
OXV10102840,1175,,,
CMQ25104244,1171,,,
FAN2290474,1169,,,
HTO2010050,1167,,,
SVD2348822,1160,,,
NAL238223,1157,,,
FUK2694131,1155,,,
VPY2270851,1144,,,
WHF896750,1119,,,
LWG2284723,1114,,,
EVS713536,1114,,,
COZ1040959,1104.6,,,
ENK2568433,1103,,,
UIM13104478,1091,,,
KQS2364506,1091,,,
YLX2550928,1089,,,
RTK2348243,1089,,,
QRY1543977,1080.166667,,,
DDT612435,1075,,,
KDO596186,1071,,,
QYN1410287,1065,,,
SHM2188902,1061.571429,,,
YHN1186250,1057.166667,,,
QNM948372,1053,,,
EVC2698721,1047,,,
XJM1751384,1045.5,,,
OOD1676089,1044.285714,,,
ATM867131,1036,,,
IZC993738,1029,,,
IRS661107,1025,,,
SYT318597,1023.5,,,
UIC254864,1023,,,
MNR1569315,1022,,,
JNF585107,1015.428571,,,
AOA945003,1015,,,
NDZ1577229,1014,,,
SVO2257168,1012.5,,,
PRA8104904,1011,,,
ANZ2354957,1011,,,
EAH1555989,1010,,,
XXV119663,1002.282609,,,
KAE492028,1002,,,
UCU11102252,1000.5,,,
GVH812303,996.9,,,
TAN624846,991,,,
PWY899279,985,,,
NNU168493,980.5,,,
ZVI1393261,977,,,
BOH22102156,977,,,
ECK1124558,976.5,,,
FRB1738985,974.9375,,,
YQV1467824,966.3333333,,,
MEM1333069,966,,,
YYC2555878,963,,,
BDN2510449,961.7692308,,,
DVF2127339,961.5714286,,,
BUQ1428929,958,,,
API764896,958,,,
WIC1752908,957,,,
ADY2581375,955,,,
BSJ22102069,950,,,
TDC2570314,949.5,,,
AMU2617838,945,,,
ORS2080274,943,,,
OPH427279,936.5,,,
IEJ2263582,936,,,
ASB2124933,932.2,,,
XHT1820745,929.1,,,
WUE155596,929,,,
MIF2271280,929,,,
YFR1281342,926.6666667,,,
KVX1967227,924,,,
RSU275189,923,,,
ZSB748186,921,,,
LZN534260,919.7777778,,,
YKC1779890,919,,,
TWJ1513902,915.8571429,,,
FNN765541,914.2,,,
BZW2461992,911.3333333,,,
OAW2182074,911,,,
IXJ619329,906.6666667,,,
NON1689103,900,,,
LYT1868517,897.6666667,,,
OFV1175426,895,,,
KNV1660276,893.1052632,,,
VUU1427966,893,,,
ZJG331227,888.8181818,,,
ULB278438,884,,,
RMB2388284,883,,,
DIU1814520,881.5,,,
NUD557711,877.25,,,
FDK1540818,875,,,
SNC2473677,872,,,
FJW123616,870.5,,,
SPA2454816,870,,,
RXV157633,870,,,
ZIX997371,869,,,
TJT1327081,867,,,
PBD1882512,866,,,
XVU1551165,864,,,
GWV14104514,863.5,,,
THH457414,861.6666667,,,
RRU1965796,860.1428571,,,
SPW2338661,858.75,,,
GKJ2100059,858,,,
BDA435070,858,,,
HWP886874,857.8,,,
ICM2182323,857,,,
LLZ11102108,856,,,
JGE465871,855,,,
ESY1331209,854,,,
HEA2398184,853,,,
QRW2547292,850.75,,,
UNJ795142,848.5,,,
YHF1764437,846.6666667,,,
PBZ1262331,843,,,
UKF1077124,840.6,,,
MIK2042717,840,,,
OPN1321708,839.5555556,,,
LZI1897287,839,,,
ZHO17104049,835,,,
PRW2297077,834,,,
OJK416170,833.6666667,,,
CNS2291074,830,,,
WWT2172192,827,,,
AAT397791,827,,,
OEW1495862,823,,,
MTD1756505,821.5,,,
RID117904,821,,,
DNW14108069,821,,,
ZQB198457,817.9701493,,,
SCV1755947,817.5,,,
DQW291773,812,,,
SQL2333546,811,,,
PHC2632019,810,,,
OME549641,808,,,
MZQ1463108,808,,,
NLB2357183,806,,,
EUU655302,800.6666667,,,
NWB1859205,800.3333333,,,
VSV2618525,800.0833333,,,
GNZ421318,800,,,
VDU2170260,799,,,
RLL2334119,799,,,
UNG39111,798.047619,,,
FKE880823,797.8947368,,,
DYF1746923,796.3333333,,,
HTD679242,795.6666667,,,
NAC2054078,795,,,
UPD1918498,794.5,,,
EED362079,794,,,
BPE2629127,793.7777778,,,
RBW1941859,793.4,,,
PPB16108351,793,,,
FAM1355188,790,,,
VJK2153757,784.6363636,,,
YIX149710,784,,,
PMC1269858,784,,,
LKU150952,782.25,,,
KVS975696,782,,,
NQU741430,781,,,
PGY1156886,780.6666667,,,
LOL1250967,780,,,
LNS1153349,777.5714286,,,
OTQ2091578,775.5,,,
LPN5106638,775,,,
JPY1619521,773.25,,,
HYA561140,772,,,
AAR2036663,771,,,
AQD2690402,769.5,,,
GBA2280769,769,,,
WAE965373,767,,,
PKH2019008,767,,,
JKE2160618,766,,,
JJC2056253,766,,,
MJM2390177,764.5,,,
EQE1819779,762,,,
LSQ555140,759,,,
VPE766168,758,,,
BGX151549,758,,,
EMM248468,757.8333333,,,
HOQ1672654,757.3333333,,,
OBK2358488,757,,,
DWT2145360,757,,,
YNU977850,751,,,
FVM977676,750,,,
UFJ1595820,747.75,,,
SKI1076074,747,,,
XMM263291,746,,,
ASN1611670,745.7647059,,,
QBO413764,744.2727273,,,
IUB2022428,744.1,,,
HLQ1365652,744,,,
CYL1185491,743,,,
NSY1410896,742.3333333,,,
NBD2122824,742,,,
JIC1059865,741.5,,,
JDO277727,740,,,
HIB1648786,740,,,
JIF563873,737.5,,,
AQH1833351,737.5,,,
DYH1557324,736,,,
WXR2047568,734.9,,,
RKU238787,734,,,
KBP986526,733.9166667,,,
EWA215675,733.6153846,,,
ZIE838499,733,,,
SNE1024807,730.3333333,,,
KPU199948,728,,,
WFA568448,727,,,
QGE2356691,727,,,
PQS849197,726,,,
VRL955062,724,,,
QCI2649743,723,,,
WUC1358218,722,,,
QYD11101364,722,,,
TXI1396432,719,,,
MFW1762463,718,,,
XYZ1546416,717.5,,,
BMZ1570251,717,,,
SOJ384861,716.25,,,
ZKU2195478,714.3333333,,,
TGR1857204,714,,,
ZQR675102,712,,,
TLS1336255,711.3333333,,,
TXV1251738,711,,,
BAB1741940,711,,,
AKD2233027,710.5,,,
WTZ338592,710,,,
QGE862652,710,,,
JEK2551588,710,,,
CQL485875,710,,,
ATW15106137,710,,,
SBL1083682,709.4615385,,,
KIB485503,709.3333333,,,
MRQ1449116,709.2222222,,,
EDY1875972,709,,,
XHV2058761,707.5,,,
PIP10108030,707,,,
YVF251600,705,,,
OZT860747,705,,,
JPY1815147,703.5555556,,,
HCQ1393990,702,,,
ROS1124876,701.0909091,,,
UVL340620,701,,,
OCV2493486,701,,,
CXE1912048,701,,,
OJN1335016,700.8181818,,,
WNV2513239,699,,,
AGG1915807,698.3,,,
GAL258992,698,,,
MCR456181,697,,,
HZF21101073,697,,,
RZP1966063,696,,,
DWE2426226,695.875,,,
IDH759016,695.6,,,
FNE1958596,693,,,
BFI5100569,692,,,
KCR2497401,691,,,
IRK1254381,690.125,,,
SNH2620367,690,,,
PAZ1034245,689.8571429,,,
ZUZ1395298,689,,,
ZDM1557732,689,,,
SKX2158542,689,,,
KFM1510278,688.0666667,,,
NKI2372312,688,,,
IPT2161647,687,,,
CBY77605,686.7857143,,,
SFO1914718,686.2222222,,,
FYM2041865,685.5,,,
HYR2537494,684.2222222,,,
OCW987321,684,,,
WYD394365,682,,,
TZO2154936,682,,,
FNB434323,680.6666667,,,
KSU846119,680.1,,,
PSQ2255956,680,,,
CNB11103098,679,,,
ZNH751408,678,,,
DVZ2154723,678,,,
UEG2544895,677.6,,,
CEC1020808,677.5,,,
UTZ2130564,675.625,,,
UPY455938,675,,,
RUT1135637,674,,,
RPY482155,674,,,
GLK1685161,674,,,
DEX1926649,673.6666667,,,
DLF7101451,673,,,
NKI2418342,672.8,,,
PWH2063756,672.625,,,
IJG2338457,672,,,
XMP1410344,671.3571429,,,
FPB820652,671.3333333,,,
TBU188809,671.1111111,,,
KNC369465,670.5,,,
ZMX14107466,670,,,
ZDN1332850,669.8888889,,,
QWZ1048489,668.3333333,,,
UFH136609,668,,,
MAE375429,667.75,,,
JKL448846,667.6666667,,,
ECF2322344,667,,,
CBA1141856,666,,,
RAC1317325,665.5,,,
JPH1676500,663,,,
YCW1723790,662.75,,,
AUV989595,662.6666667,,,
PCW2548282,661.25,,,
EEJ562178,661,,,
XFX16108243,660,,,
URH3104790,660,,,
UBA1887075,660,,,
MMH371139,659.5,,,
NNF1291971,659,,,
DXI2041538,656.4444444,,,
UMP2391671,656,,,
JKT1886829,655.25,,,
CAG1496861,654,,,
AZB2127189,654,,,
NCC1570668,653,,,
XZD2015543,652.5,,,
KVZ738739,652,,,
JZV24100653,652,,,
NXF522458,651.1111111,,,
PNT1437083,649.25,,,
TWQ2544355,649,,,
OUF24104685,648,,,
EKU646488,648,,,
XQB944610,647.4,,,
LQR2248171,647,,,
SSU696342,646.5,,,
YOP778705,646,,,
USH1732439,645,,,
OUS452230,645,,,
OMG56822,644,,,
TTB580805,643,,,
QMQ2651837,642.8,,,
WLZ426154,642,,,
AKG198688,641.6666667,,,
YUN2654006,641,,,
RVK647403,641,,,
PEC1552917,640,,,
JLH259106,640,,,
BGK2661056,640,,,
AOA130330,639.4,,,
FNB1379512,638.5,,,
DYP852314,638,,,
DVD1386214,638,,,
IYG2235937,636.6,,,
AXI2035466,636.5,,,
UHW812648,636.3333333,,,
WHW1934650,635.6666667,,,
GVH2084426,634.25,,,
ZHF2399318,634,,,
NBT729187,634,,,
JCM2515228,634,,,
NIH1967455,633.875,,,
QGK722722,633,,,
LJC1182761,632,,,
IFI552188,631.5714286,,,
JAP1252197,631,,,
ACR2560129,630.6,,,
TBJ2335814,630,,,
HZR1590792,630,,,
DTZ1354039,629.4285714,,,
ETW1698934,629.3333333,,,
WYW2251999,629,,,
OTZ1761659,629,,,
HOC336906,629,,,
GRE224195,626,,,
EJE1212876,624.9,,,
VQO2595307,623.5,,,
UKN262274,623,,,
PBA128211,622.8636364,,,
HTP2184423,621,,,
FAH375687,620.75,,,
UYX2196357,620,,,
NGZ418579,620,,,
VJG1414211,619.875,,,
TJQ1941241,618.5,,,
LRY577565,618.5,,,
EGG3105321,614.5,,,
LEZ1452203,614,,,
HRH2106971,614,,,
HDG184468,613.6,,,
GYV2158578,613.3333333,,,
CBR1714685,613.2,,,
QMU2171262,613,,,
SRD743485,612.8,,,
SEB853211,612.6666667,,,
LFH2442534,612.2413793,,,
WMA1263747,611.5384615,,,
RUV1084117,611.5,,,
HHZ349008,611,,,
APQ2413449,610.1142857,,,
EYY167614,609.875,,,
QKH536825,609.75,,,
HVL856274,609.4,,,
YJE1492949,609,,,
EHG1162448,608.9,,,
UNJ2319137,608,,,
NJH370608,607,,,
LYR2179509,606,,,
KZH476341,605.75,,,
WDE1131845,605.6029412,,,
XOF2012723,605,,,
MCO1884663,605,,,
NBA794506,604,,,
CGM1916254,603.8709677,,,
MCC262301,601.6666667,,,
YHA1334416,601.5,,,
KAU1376512,601.3333333,,,
XOP2112867,600.8333333,,,
FOB1338607,600.8125,,,
UPG1868958,600.1666667,,,
EAO875873,599,,,
VDM22102249,598,,,
MEI1411931,598,,,
WSK2072720,597.0714286,,,
BPX633441,597,,,
UHD10106335,596,,,
IPF1221915,596,,,
GRV2543200,595.2307692,,,
TLT412321,595,,,
MCR1378801,595,,,
YNE557201,594,,,
RDO1583862,594,,,
NLK2268691,594,,,
LXI1996351,594,,,
HQN2252836,594,,,
EGL1292058,594,,,
ZUT1961581,593.8333333,,,
XCY773293,593.3529412,,,
SJF1459391,591.5,,,
VMP788590,591,,,
GDF423244,590.7536232,,,
SVA2112792,590.7,,,
RDP1327510,589.3809524,,,
XNS438376,589.3333333,,,
RNO2469186,589,,,
UXN879341,588.6666667,,,
XUP418417,587.5,,,
PEK1015666,587.3333333,,,
ZNM570131,586.5,,,
ZHU1761320,586.5,,,
XRE1797398,586.25,,,
EJE642138,584,,,
UGH2579002,583.8888889,,,
FJA2039069,583.6,,,
PDD1316326,583.4,,,
UIJ1252704,583,,,
SVR1151492,583,,,
TZP1242441,582,,,
AGL1596852,581.5,,,
NJJ109213,580.4,,,
XKO186739,580,,,
WHU499477,580,,,
NMI545666,580,,,
LBD1418759,580,,,
FMY740623,580,,,
REB1825113,579.0666667,,,
SYP2628386,579,,,
WHS1948123,578.3636364,,,
CIG1523835,578.2666667,,,
YIN487033,578,,,
WYC928560,578,,,
TMA2325926,578,,,
PXA1780085,578,,,
DZC563924,578,,,
USS3100122,577.6,,,
ZOR1650187,577.3333333,,,
GZP2230594,577.3333333,,,
NZR1798205,577,,,
ADU1855215,576.7619048,,,
IOD259072,576.5666667,,,
HIZ1713455,576.4285714,,,
NPP7105693,576,,,
NAW1525140,575.8947368,,,
LNH742051,575.75,,,
ZHD1652596,575,,,
SGT1769171,574.5,,,
UJQ2451849,574,,,
KWR2370086,574,,,
CAY1891764,574,,,
BZW1584873,574,,,
CTJ317703,573.5,,,
PFD1972966,573,,,
WUV2361614,572.5,,,
LLP266942,570.1111111,,,
RTH177227,570.0666667,,,
MVT1267308,570,,,
AYB7100005,570,,,
NTE138118,569.75,,,
TIZ2673977,569,,,
ONG1987609,569,,,
DUN17100335,569,,,
IMT1569870,568.6666667,,,
LLZ2611121,568.3333333,,,
TBX2556484,568,,,
VIQ859640,567.7142857,,,
SSD207101,567.0625,,,
PXC2062073,567,,,
UOS2185695,566.8571429,,,
TVY318573,566.3333333,,,
VIK562838,566.1666667,,,
MAL937797,566,,,
LGE2341292,566,,,
HYJ1595937,566,,,
LIR2553838,565.8888889,,,
MWF262850,565.8571429,,,
SET11103860,565.6666667,,,
HSG2695400,565.5,,,
YOZ831962,565.2777778,,,
TML510263,565,,,
BYG2461188,564.6,,,
FWI1698586,564.25,,,
LEC2088269,564.0909091,,,
ZON1598028,564,,,
HTM2276944,563.5,,,
TST1250754,563.3333333,,,
MPI22103212,563,,,
JFL2255104,563,,,
CJV67284,562.9259259,,,
YCS268829,562.75,,,
KGS2020607,562,,,
LCG927561,561.75,,,
DEA1155311,561.6666667,,,
DTR1224336,561,,,
WBO2012663,560,,,
QSN2094017,560,,,
EGJ130789,560,,,
CQX1368286,560,,,
EZB1994749,559.3636364,,,
ZXM1358452,558.3333333,,,
AUZ1835427,558.3333333,,,
WHS2069972,557.5,,,
LOH1388665,557,,,
DRU1694968,557,,,
ATG14101904,557,,,
ZUM2324999,556.9285714,,,
HJL1111865,556,,,
DTW939285,555.2826087,,,
XLT20106050,555,,,
UTI1321159,555,,,
URF851132,555,,,
TDT1463966,555,,,
SDN315819,555,,,
GKB16109590,555,,,
OBE2211274,553.5,,,
JDT2384126,553.5,,,
NPB2131665,553,,,
POS5101607,552.8,,,
IYW1613911,552.2105263,,,
VHD1265994,552,,,
TPA5100023,551,,,
PBE728632,551,,,
NUM2261266,551,,,
RFI546911,550.6666667,,,
UZY2347901,550.625,,,
WIG2364815,550,,,
BCM942612,550,,,
YGS1164422,549.5,,,
ZTT157503,549.25,,,
XNH898880,549,,,
ZDC2032601,548.125,,,
YTU1658785,548,,,
TJG2087603,547,,,
JDC875711,547,,,
RRP2089034,546,,,
ZHU555677,545,,,
TBA787828,545,,,
BZG1715279,545,,,
OZS1051201,544.5,,,
WTS1650607,544,,,
TGP689460,544,,,
KIT1597149,544,,,
HQW1173368,543.75,,,
BNZ2414136,543.2,,,
LGY821267,543.1818182,,,
TSK1759739,543,,,
SQL1870095,543,,,
QMT1512465,543,,,
HCB594104,543,,,
GIT561101,543,,,
QOU1533891,542.5,,,
UXH2492763,542.0909091,,,
EKI1522266,542,,,
LPX920853,541,,,
EWA1689427,541,,,
YPA206849,540,,,
QNJ8100257,540,,,
LFT1483076,540,,,
FVO17108330,540,,,
OJI473428,539.6666667,,,
RKH1059010,539.4444444,,,
XBD1514859,538.3,,,
NWD2012387,538.2857143,,,
WVT2090933,538.2,,,
TOU1955698,538,,,
KKE2676203,538,,,
ZQQ1543785,537.4,,,
FDO1013281,536.5853659,,,
VKT1183901,536.3333333,,,
CNC174973,535.5,,,
TMT1450658,535.25,,,
IQE382494,535.2,,,
ERQ1542684,535,,,
REW23102615,534.6666667,,,
PUG166720,534,,,
NCJ1659676,533.96,,,
SHI2297116,533,,,
IFS1156871,532.5555556,,,
ARM228301,532.5555556,,,
RKE873032,532,,,
XPY2067701,531,,,
PZF2067974,530.6923077,,,
LAM14107226,530,,,
KNN20107064,530,,,
JZW2461119,530,,,
HOK1397308,530,,,
EMI912417,530,,,
AMF1162328,530,,,
YPI821147,529.9166667,,,
YOG2585518,529.8695652,,,
ZCM1524219,529.5,,,
YKP2096276,529.5,,,
ZKW1938901,529,,,
OBS280619,529,,,
GIS2352530,529,,,
ZKJ2034059,528,,,
NHF615717,528,,,
DUP1546350,528,,,
TDH1397686,527,,,
EIU26100305,527,,,
CXG2297695,526.7058824,,,
PUV825506,526.6666667,,,
YZM1142408,525,,,
VXE532394,525,,,
SME1869504,525,,,
QLZ17104160,525,,,
LCE170446,524.5,,,
GXP393912,524,,,
TPC1086577,523.7,,,
YZX886568,523.6666667,,,
NHS107788,523.25,,,
VTX419539,522.8125,,,
MTR2625317,522.6,,,
KDR14106485,522,,,
ABR1684537,521,,,
PNR211652,520.4444444,,,
YQQ746446,520,,,
BHA2619938,519.4285714,,,
SLD2047577,518.5,,,
KCY2355635,518,,,
PYR1784429,517.75,,,
GCB1448441,517.5,,,
HCI2534086,517,,,
CLS1098532,516.8571429,,,
ANO779404,516.5,,,
XAE1676638,516,,,
WOX1661827,516,,,
SCS374046,516,,,
KXJ1191824,516,,,
DOG1238184,515.6,,,
PKC1527117,515.5555556,,,
YTD699729,515,,,
JPB1476356,515,,,
EOB2528161,515,,,
DQB963531,515,,,
BSU2429388,515,,,
BWD492409,514.6666667,,,
YQA2391470,514.2222222,,,
YFP947802,514,,,
DZR256106,513.6,,,
IYN1629577,513.2727273,,,
QWR526589,512.7777778,,,
OKS2288479,512,,,
NKQ2434659,512,,,
JYW1720172,511.9090909,,,
VND517253,511.8,,,
HFS2443686,511.3333333,,,
KTM149675,510.8,,,
IHV2213581,510.0208333,,,
QEK1193927,510,,,
MKK1828833,510,,,
JDS1023025,509.6666667,,,
LHM1657240,509.4,,,
OII227941,508.1428571,,,
BIF766918,507.6,,,
DPK1011424,507.4,,,
KKS2444994,507.2727273,,,
NLN793333,507,,,
HFL1671784,507,,,
FOT1645822,507,,,
UEP17105846,506,,,
NAP2592796,506,,,
KNM1690717,506,,,
WFF1311211,505.5833333,,,
VYV379152,505,,,
TPS2251006,505,,,
SKH2679323,505,,,
BIM1434980,505,,,
SOM621081,504.8333333,,,
IGY226115,504.8181818,,,
TSC2651276,504.75,,,
OFM414043,504.6666667,,,
ASM2010830,504.1794872,,,
FDQ1113290,504,,,
LGK637047,503,,,
IJX174088,503,,,
BKJ696606,503,,,
EVQ1210095,502.6111111,,,
WTO56831,502,,,
FOW1954861,502,,,
BWQ1663222,501.75,,,
VJE696822,501.7,,,
FJW2448783,501.625,,,
XPT2688914,501.1666667,,,
TDC2253928,501,,,
ERD2349974,501,,,
DWL2599201,501,,,
SMP1929688,500.5,,,
AIV2551324,500.5,,,
VZH1866897,500,,,
UBI1194335,500,,,
GIB767221,500,,,
XYU2524957,499.5,,,
JPO2059070,499.4,,,
EJJ1341559,499.2307692,,,
FHQ971028,499,,,
VGK1616500,498.6666667,,,
SHT2578729,498.5,,,
YVB20107367,498,,,
ZKS580010,497.6,,,
DNX423571,497.6,,,
RUL763726,497.3333333,,,
NYS443011,497.097561,,,
WKS885527,496,,,
WKK2540662,495.7272727,,,
YKS20108741,495,,,
VYJ487594,495,,,
PYO248030,495,,,
HAU2273803,495,,,
LFI528563,494.5142857,,,
WAY2664749,494.5,,,
XVZ615561,494.3157895,,,
JWO528200,494.0666667,,,
ODB59090,494,,,
DCK1148504,494,,,
NSB2128053,493.875,,,
KTC2323145,493.2857143,,,
WOA175555,493,,,
TMX210335,493,,,
SVQ1192673,493,,,
OKF459172,492.6666667,,,
ESC2136861,492,,,
TOO342804,491.6666667,,,
LDN536471,491.4,,,
TTG385089,491,,,
JYT750589,490.75,,,
OSL2124081,490.6666667,,,
NZT8104025,490.6666667,,,
FYZ1533957,489.8333333,,,
QIR1825515,489.0769231,,,
TRF161257,489,,,
SBS990672,489,,,
JFB2388554,489,,,
ZCH639462,488.3333333,,,
VHR846443,488.125,,,
HEP2463828,488,,,
FVX108073,487.1818182,,,
ENZ424075,487.1111111,,,
HTU1793861,487,,,
CPC751750,486.5,,,
MDO1753448,486,,,
LXE2444121,486,,,
JHX2450550,486,,,
DVG1948924,486,,,
XJC1958554,485,,,
ETX988998,485,,,
DVU1859496,484.4,,,
XLX2566624,484,,,
NAG7105552,484,,,
KZX2451438,484,,,
GTS1627426,484,,,
DGV2163480,484,,,
TRS960081,483.9,,,
PKY238103,483.5625,,,
GZC1282599,483.5,,,
ABJ208964,483.3030303,,,
WDW1864218,483,,,
MWJ239723,483,,,
GLJ2271700,483,,,
KBQ1226070,482.75,,,
BPR1117097,482.6666667,,,
FNX121666,482.6296296,,,
FAG674901,482.375,,,
KBF1537581,481.6,,,
YXR2150796,481,,,
LRZ1187054,481,,,
IQE220991,481,,,
MZP8102525,480,,,
KSA125254,480,,,
EVV2351795,480,,,
WQW2683535,479.6,,,
HOO2562106,479.5,,,
LSO627177,479,,,
JDQ1363939,479,,,
UIQ390468,478.3333333,,,
OQQ122815,478.3333333,,,
IRM195085,478.2,,,
GNQ843836,478.2,,,
MWJ2638082,478,,,
ISA2268781,478,,,
XLA2491395,477.7058824,,,
QJK1091659,477,,,
DGL2253595,477,,,
BGN1786904,477,,,
GWK277421,476.5,,,
XOG239693,476.25,,,
VCB2466360,476,,,
UXC691662,475.6,,,
HHV936834,475,,,
ESS2382887,475,,,
DXF1512072,474.7,,,
AVN1873224,474.5,,,
PXR140824,474.125,,,
UKV1774907,474,,,
RTJ20104004,474,,,
KPQ672528,474,,,
OEH2453508,473.8333333,,,
PHN894530,473,,,
IJX1359550,472.5,,,
GQC1711232,472.25,,,
KOP1489850,472,,,
BJC825098,472,,,
IIY1380541,471.9473684,,,
FHK1093150,471,,,
FVC1656136,470.8333333,,,
LQK77449,470.4,,,
BLR197683,470.2777778,,,
YYO1424489,470,,,
YWW1869453,470,,,
QPT1965862,470,,,
OZN952011,470,,,
IYL1468823,470,,,
FSK970341,470,,,
BDG589514,470,,,
ZRL855572,469.5555556,,,
AVW2283526,469.25,,,
HDS1653286,468.5384615,,,
TFX1395106,468.4615385,,,
USV16103065,468,,,
LRQ1299324,467.9285714,,,
JGR150481,467.5,,,
ZHT1045639,467,,,
FRK944484,467,,,
NXT1718063,466.6666667,,,
XRE958149,466.5,,,
ERZ1317715,466.2,,,
EYL2311682,466.1818182,,,
SSV128865,466.1212121,,,
FJR1348156,465.9285714,,,
QHV1562343,465,,,
ZOE2528269,464.8333333,,,
TYD824648,464.8181818,,,
SVS515849,464.5,,,
HRH1724054,464.5,,,
WHQ1179755,464.4,,,
OXX2320469,464.3333333,,,
YJG1470266,464,,,
SIZ187096,464,,,
IVP258157,463.8571429,,,
JJY1558731,463,,,
GGL218870,462.3333333,,,
EOP1388674,462.2857143,,,
QDY2553658,462,,,
ZML1917379,461.3055556,,,
MIM1297509,461,,,
LQT1045399,461,,,
RZC931710,460.6428571,,,
YXJ6102783,460.6,,,
CKP2625443,460.3461538,,,
LND790090,460,,,
LKO364194,460,,,
ENR160720,460,,,
BDF459439,460,,,
OVQ1933975,459.2222222,,,
WNR2459115,459,,,
ETP1260972,458.6666667,,,
SFL740647,457.8571429,,,
FCY1075240,457.8,,,
GOV15102813,457.5555556,,,
WOV37074,457,,,
ODB834719,457,,,
CTJ2153457,457,,,
SRR421726,456.85,,,
QHG1957915,456.3333333,,,
JLZ2014385,456.25,,,
ZQB1793720,456,,,
NWU22102339,456,,,
TOR1535169,455.5,,,
SBI2517991,455,,,
KBO2612942,455,,,
MWI980442,454.8461538,,,
NEW2024543,454.7058824,,,
WNM954549,454.4666667,,,
NZV1265265,454.25,,,
BVA1818027,454.047619,,,
FIL2532751,453.6666667,,,
WFK129441,453.6086957,,,
ZCO1146731,453.6,,,
TZY1692787,453.5,,,
PVH1741163,453.2857143,,,
MKX2123625,452.5,,,
KHS1357987,452,,,
YBR1913956,451.8292683,,,
XEO2349344,451.8,,,
KTV675183,451.25,,,
NML230618,451.2424242,,,
YUT2058233,451,,,
VWZ1520868,451,,,
LCC2218240,451,,,
GVE1778855,450.6666667,,,
QDM2452125,450.5,,,
NCA2046995,450.3333333,,,
HDS347676,450,,,
EUN2350847,449.8958333,,,
DAG655653,449.2962963,,,
LNW1128743,449,,,
BOB821492,449,,,
MPC38205,448.9411765,,,
APS1528866,448.8333333,,,
UGA138472,448.3333333,,,
DRF1771154,448.1428571,,,
NCJ2658812,448,,,
DZR1523931,448,,,
CLR2666120,448,,,
LHV370665,447.9,,,
WIL933684,447.75,,,
VCV1730282,447.6666667,,,
FLQ1317589,447.5,,,
WZD2288302,447.25,,,
ZZB2240902,446.4545455,,,
BGE142423,446,,,
PUJ1877661,445.8,,,
VFR2050856,445.75,,,
IJB558764,445.6666667,,,
ACA228688,445.5,,,
MXE1236987,445.4857143,,,
ZGN595637,445.2,,,
ZBH2556475,445,,,
TRT2172645,445,,,
SIS227837,445,,,
KXL1739930,445,,,
CZU465940,445,,,
CRK819044,445,,,
QWW586751,444.4285714,,,
ZHY548903,444.3,,,
RXT984144,444,,,
KZR813158,444,,,
CCY2136744,444,,,
LDV698241,443.9,,,
KJF2357216,443.6666667,,,
VAQ2687156,443.3333333,,,
TSS1145726,443,,,
YCY13106851,442,,,
IVC2447364,442,,,
FFL212249,441.9487179,,,
LZC1843644,441.8,,,
GDR1344199,441.45,,,
EIV557975,441,,,
SSB685833,440,,,
QCH2177154,440,,,
JPU2626637,440,,,
RNM2155836,439.6111111,,,
LCZ373533,439.5,,,
ISG1232106,439.3333333,,,
XTS1422437,439,,,
UYZ1198253,439,,,
RLT1970503,439,,,
IRT773980,439,,,
PVP2020280,438.6153846,,,
NAX1060864,438.5714286,,,
NWL2067761,438.5,,,
WAV357219,437.5,,,
CRL1126373,437.5,,,
XHN6103422,437,,,
JEA463708,437,,,
GHI534974,437,,,
TWU2162259,436,,,
TIL1278753,436,,,
AEA1855425,435.8,,,
BXN1934764,435.5,,,
IEY1795469,435.3333333,,,
YBV1270761,435,,,
RCJ592697,434.5,,,
IWP1146575,434.1428571,,,
KLM23106602,434,,,
DNC2369609,434,,,
STA1788002,433.6666667,,,
RLY2153028,433.5,,,
BWN2339378,433.5,,,
TTZ2029853,433,,,
PCS1012468,432.8888889,,,
LPR2052749,432.75,,,
XFT852218,432.5,,,
FSE862238,432.5,,,
KBI534629,432.4285714,,,
POP1355980,432,,,
DTG1181882,432,,,
THT375564,431.6666667,,,
WCG2511556,431.5,,,
RGZ2419374,431.0465116,,,
ZPG1647907,431,,,
TQA1534992,431,,,
GDK273236,431,,,
DDM1061908,431,,,
YWJ352401,430.6666667,,,
WLU951255,430.6666667,,,
RRK1235751,430,,,
QNJ2280577,430,,,
NZK2027000,430,,,
BHW320391,430,,,
ZVI184072,429,,,
UDJ2029037,429,,,
OPP386337,429,,,
LXI763459,429,,,
JWR2592445,429,,,
BAI897848,429,,,
URB1172117,428,,,
AMB555764,428,,,
TSN536129,427.75,,,
XKC2315318,427.65625,,,
ZKT1820076,427.5,,,
QNB142216,427,,,
QEB2168565,427,,,
BCX1346083,427,,,
YRY1020787,426.6666667,,,
RTP272375,426.5714286,,,
LCT149350,426.4615385,,,
ZRY2150100,426.0909091,,,
VKS237431,426,,,
IFE7102039,426,,,
BUX1514460,426,,,
YSL1735691,425.3333333,,,
WNO20108195,425,,,
QFJ19108108,425,,,
HWZ2211760,425,,,
DJP295013,425,,,
LXB2426064,424.75,,,
HRZ197143,424.2173913,,,
REV1874271,424,,,
FME229001,424,,,
AXT2064872,424,,,
AWF565310,424,,,
ZGS1131773,423.6666667,,,
CTH1540242,423,,,
KPU2045513,422.8,,,
LDB107509,422.7941176,,,
ANS2449566,422.6666667,,,
XWJ2642381,422.5,,,
QIX221405,422.5,,,
TNX1119566,422.03125,,,
VXU172870,421.3333333,,,
WYR1091290,421,,,
VQQ1029040,421,,,
RZN1410086,421,,,
NPO2334503,421,,,
HXD716431,421,,,
RIN2589982,420.4285714,,,
ZTL1451918,420,,,
YNI24106356,420,,,
WMG2148357,420,,,
TFX1576005,420,,,
ILL1571385,420,,,
GHQ4105333,420,,,
BXQ1135619,420,,,
SGN1921789,419.9444444,,,
LXK1262496,419.8181818,,,
VKZ148337,419.75,,,
OKB1097212,419.4545455,,,
UWN2527024,419.1666667,,,
FJJ386895,419,,,
BSX1673176,419,,,
YQG1684396,418.5882353,,,
BOA2515861,418.4285714,,,
EHB661665,418.4090909,,,
UPE722923,418.3684211,,,
CVH1969024,418.3333333,,,
SYI463738,418.3076923,,,
VNQ11102624,418,,,
UQG684402,418,,,
GFJ156880,418,,,
BTF1686802,418,,,
WWC812033,417.9081633,,,
VLT549956,417.5833333,,,
MSJ2079812,417.5,,,
PTU967599,417.0769231,,,
ICM1459319,417,,,
HXI2493036,417,,,
FPY616425,416.5555556,,,
XII375039,416.5,,,
PAZ1848090,416,,,
DYS990117,416,,,
DMG2164182,415.9333333,,,
KRC1527615,415.8,,,
AFJ6101622,415.6666667,,,
LUR2083655,415.5,,,
XWP1518423,415,,,
WQT2625617,415,,,
RXQ2187612,415,,,
GUL1183562,415,,,
CBD2674472,415,,,
AXQ546878,414.5555556,,,
VPU472231,414.25,,,
RII1788104,414.2,,,
OAO137026,414.1818182,,,
TIE376563,414.0625,,,
XYS3106089,414,,,
RHU2320673,414,,,
SVV474328,413.7142857,,,
RWT1917967,413.5625,,,
QWJ1517946,413,,,
EFP2244454,412.7,,,
MMR781270,412.6666667,,,
BHK113605,412.5,,,
QVN410377,412.3333333,,,
SJR1838346,412.25,,,
RUY394515,412.1666667,,,
EZN2051495,412,,,
EIR1756769,412,,,
QUO2615723,411.875,,,
FIQ1737428,411.5,,,
SBP1834290,411.3333333,,,
YBI15101529,411,,,
QVJ398439,411,,,
GDQ23102738,411,,,
ATY313446,410.8333333,,,
YJR2361353,410.5882353,,,
XMD2176746,410,,,
SUU671370,410,,,
VKS458047,409.8333333,,,
AYU320733,409.8,,,
NKA1727384,409.6,,,
WEY197830,409.2222222,,,
XMK2315609,409,,,
NNH1023682,409,,,
FMY2029691,409,,,
SIH2332334,408.9393939,,,
XQA1142549,408.8333333,,,
KXA615162,408.5,,,
WWB671853,408.3333333,,,
JOO2527090,408.125,,,
SBX698265,408,,,
PDG567422,408,,,
KUH2533828,407.8571429,,,
SBT1671808,407,,,
NAH2448675,407,,,
HRN1349779,407,,,
ZFG1016419,406.7777778,,,
MVI66948,406.5555556,,,
CXL321498,406.5,,,
YBO1874124,406.1111111,,,
AEA159414,406,,,
UIA1227105,405.9333333,,,
NJA9106341,405,,,
LPO2245594,405,,,
HAC1341055,405,,,
LYA2110380,404.6666667,,,
AVY2028698,404.3728814,,,
RIH211496,404.3636364,,,
QMF16101049,404,,,
JYY1170623,404,,,
ANZ2344919,404,,,
PPM2699498,403.375,,,
OBX2133846,403.1666667,,,
URX2670263,403,,,
CRS2283709,402.5714286,,,
JHA1111625,402.4444444,,,
YUJ614964,402,,,
VBM1036615,402,,,
PKS1843347,402,,,
NXE1850604,401.6666667,,,
VPJ1217727,401.6,,,
WEM2321504,401,,,
NVK1031347,401,,,
KUD1272708,401,,,
JVY584438,401,,,
MZN659796,400.5,,,
GGC1611049,400.2777778,,,
YGK1622596,400.2631579,,,
MMV2095553,400.1666667,,,
WQV320862,400,,,
TZN2091980,400,,,
JWW2693894,400,,,
HUX168040,400,,,
HOI2026844,400,,,
GDZ392685,400,,,
EOU1109410,400,,,
EGJ1101511,400,,,
CYG423268,400,,,
CUA25102240,400,,,
CTM1715720,400,,,
JVT340860,399.7,,,
FAU1584918,399.5714286,,,
ALZ835958,399.35,,,
QTR2687825,399,,,
OTR21106632,399,,,
PVW731515,398.7142857,,,
PBB2648120,398.4666667,,,
KRR2029067,398.3571429,,,
TGL1567509,398,,,
ORB671226,398,,,
AZT376215,398,,,
JRR228818,397.6666667,,,
LYT657408,397.6,,,
QDV1757492,397.5,,,
WQK2590192,397.34375,,,
XSA2151360,397,,,
SHA1248951,397,,,
NMG6106467,397,,,
AUE617406,396.6,,,
YHO1992184,396.3333333,,,
DQE512729,396.25,,,
ORL1721663,396.2142857,,,
ZNJ1860945,396,,,
HOW2349683,396,,,
GMS2610791,396,,,
DRA713173,396,,,
DGU823715,396,,,
CUC2456943,396,,,
CSA26104988,396,,,
ASG422983,396,,,
YGA374214,395,,,
WMA243398,395,,,
UEV8107886,395,,,
PAB122530,395,,,
MQM727885,395,,,
ZIC1024465,394.5714286,,,
ZNR886979,394,,,
FNB569105,393.2,,,
KST1393960,393,,,
AVK26103008,393,,,
AHE331272,393,,,
HOF1789535,392.8461538,,,
SEI1882581,392.5,,,
AQD846740,392.2,,,
VIW366045,392,,,
RYS764434,392,,,
RKK1910191,392,,,
RGX1664494,392,,,
IED148895,392,,,
HQY718678,392,,,
BZP1665196,392,,,
BJU483895,392,,,
AKZ1759142,392,,,
HRE2243224,391.6666667,,,
OBP2037134,391.3571429,,,
GFS385932,391.2857143,,,
DBF39606,391.25,,,
EGG1347946,391.244898,,,
PNW562559,391,,,
EAS543857,391,,,
UYM394503,390.4,,,
ZMW1032820,390.3333333,,,
VJT25103080,390,,,
RXQ829478,390,,,
NLY1054024,390,,,
IPY166540,390,,,
HFL2238403,390,,,
EGK741451,390,,,
OCM2168010,389.75,,,
WOC893306,389.6666667,,,
VPV724462,389,,,
UOO496765,389,,,
PJK2289376,389,,,
BJY1268652,389,,,
RYM2213401,388.5714286,,,
VMC1331329,387.5,,,
QFH1016545,387.2,,,
AMF1660735,387.1818182,,,
XIJ2420958,387,,,
MGD1228152,386.6666667,,,
HTC2274613,386.6666667,,,
YFZ1582842,386.5,,,
ZNW1346515,386.2777778,,,
CNQ17109155,386,,,
HIP1317778,385.875,,,
XDX921255,385.8333333,,,
QNH187558,385.8,,,
CDF38694,385.7377049,,,
SFP2024525,385.7272727,,,
BZJ433081,385.5,,,
SJM630888,385.375,,,
STZ13101751,385,,,
OIE245525,385,,,
HWP1572177,385,,,
MNQ344910,384.75,,,
PYC1217187,384.7272727,,,
JZP1523307,384.5714286,,,
WUS2150049,384,,,
MKS2019632,384,,,
LVE2241514,384,,,
BJJ2694494,384,,,
WKL329574,383.7272727,,,
QDT1454543,383.6666667,,,
GPS20103869,383.6666667,,,
ZPO1751804,383.4545455,,,
HCF1033627,383.3043478,,,
RVP1248777,383.25,,,
HOD1755722,383.2222222,,,
UCR1783205,383,,,
IIA1758881,383,,,
BHY2256958,383,,,
VEF1070212,382,,,
PTX2666612,381,,,
AFR1386931,381,,,
AAG1139819,381,,,
ZIP1042807,380.5,,,
IFJ2216611,380.3333333,,,
XZA1523607,380,,,
RFH1916833,380,,,
NHF137962,380,,,
AYR2558191,379.4285714,,,
ISS1630753,379.3,,,
ZCQ2123010,379.25,,,
JPC635640,379,,,
UNN2292424,378.8,,,
BLL695871,378.6666667,,,
NMF1215969,378.6393443,,,
RIR2154285,378,,,
ARN2550730,378,,,
LVE1713020,377.7209302,,,
HJR1260699,377.6666667,,,
VNH1535139,377.2666667,,,
HFA530429,377.0588235,,,
OSU1441346,377,,,
OKT2619848,377,,,
KWC6108936,377,,,
FCY570788,377,,,
KIE2587186,376.5,,,
APU646239,376.4666667,,,
RKF1243269,376,,,
RCO1369012,376,,,
FZK59600,376,,,
AMH1824831,376,,,
JJN2653202,375.8,,,
HSB1717925,375.1481481,,,
ACK2566954,375.1428571,,,
WBN23107772,375,,,
RCQ18102171,375,,,
MFV237644,375,,,
KNB2533048,375,,,
HNQ1674649,375,,,
CEZ1632055,375,,,
UTC190450,374.75,,,
QME2039633,374.6666667,,,
XQJ328176,374,,,
OVR1068427,374,,,
GHK268589,373.9565217,,,
CNR1538088,373.8928571,,,
OVC2028686,373,,,
FCZ296810,373,,,
DHK2570923,373,,,
FEC1614526,372.8636364,,,
XSU1343419,372.5,,,
NQK1169570,372.5,,,
ALU2338643,372.4,,,
KQG2472921,372.3636364,,,
VWG2292574,372,,,
UZH787846,372,,,
PNF1842066,372,,,
MXQ563795,372,,,
VXS115657,371.9,,,
BLV137314,371.6470588,,,
GNR298466,371.6,,,
MXN2634617,371.5365854,,,
IFQ1962370,371.3333333,,,
SWD1035019,371.1818182,,,
BGQ2257873,370.875,,,
ATB545939,370.6666667,,,
QZM581399,370.65,,,
GJY1623079,370.4,,,
YSM16104673,370,,,
OSG926859,370,,,
OCP1846467,370,,,
LQQ1613539,370,,,
GHN1329964,370,,,
DRQ2458977,370,,,
ZEI890627,369.6666667,,,
VNJ410953,369.5,,,
ICB1168250,369.3333333,,,
VYX1072306,369,,,
UGY2325404,369,,,
TXX2215453,369,,,
TMV1585842,369,,,
LTP1268583,369,,,
CNM2117856,368.4545455,,,
KGB1816080,368.3333333,,,
NXP69651,368.1333333,,,
GIW1952701,368.1,,,
NSV2421435,368,,,
IKT1867179,368,,,
JOG479260,367.9,,,
ZCA177053,367.5454545,,,
FZK2231749,367.5,,,
ABZ2530450,367.3333333,,,
AOP2165493,367.0833333,,,
FEL2481708,367,,,
DXR710500,367,,,
BOG9107217,367,,,
YQT158661,366.9166667,,,
VYG2260147,366.6666667,,,
VHM1078003,366.5,,,
EPD2520754,366.4230769,,,
WWW819296,366.15625,,,
ZHK1067710,366,,,
TNS1179956,366,,,
NGN1557885,366,,,
KMM2530081,365.8333333,,,
YAF318999,365.3333333,,,
GKL465376,365,,,
XGL479938,364.952381,,,
PPP1631806,364.9,,,
OOC1796264,364.75,,,
PYR1333030,364.6,,,
ZFM2499387,364.5,,,
XAO1312258,364,,,
RKL1261248,364,,,
QHI2518750,364,,,
MNN1068751,364,,,
GCM1893684,364,,,
FQS23104055,364,,,
HBH1529931,363.6666667,,,
BMR514445,363.3333333,,,
ZWB2092244,363,,,
TYN598010,363,,,
OXO157909,363,,,
MWG914568,362.6666667,,,
XJF1439144,362.4,,,
MRH165925,362.3333333,,,
DEZ157812,362.3333333,,,
KAE1212480,362.3146067,,,
OVH429433,362.225,,,
XYC2191245,362,,,
NTM484549,362,,,
MAK1444487,362,,,
LXY1117955,362,,,
LKV24108822,362,,,
ENA2443380,362,,,
MGA15101733,361.8888889,,,
PTK185662,361.8333333,,,
FTL356868,361.75,,,
SLZ1136306,361.5555556,,,
FHT741016,361.4210526,,,
OGL210395,361.2954545,,,
WSM1014727,361,,,
GMV1053637,361,,,
PDX2527108,360.8333333,,,
YFX2269864,360.6666667,,,
OFU2477424,360,,,
IHS422908,360,,,
FYE2180091,360,,,
FWF832868,360,,,
ABZ520175,360,,,
WDX1746608,359.3333333,,,
XYF366531,359,,,
XMM1911850,359,,,
VNV1757801,359,,,
TXE687525,359,,,
BLY1869144,359,,,
NCD678108,358.6666667,,,
QPP10100575,358.6,,,
DQU1723532,358.5,,,
KOF410071,358.3043478,,,
UGK1056031,358.2,,,
QSF1119464,358.1842105,,,
GBN1282929,357.7142857,,,
WEV2061497,357.5,,,
KGU1435262,357.3529412,,,
UYJ1850460,357.1935484,,,
PFR816122,357.1851852,,,
TBI21109116,357,,,
HHV631947,357,,,
EIE858491,356.875,,,
UTG935901,356.6,,,
QWV1719350,356.5,,,
GRS27371,356.5,,,
SBH1426271,356,,,
RPG543704,356,,,
RNI877109,356,,,
LCL1147943,355.875,,,
ZWW569288,355.8333333,,,
ASI2227480,355.6296296,,,
BSY1488692,355.5,,,
DTH1655767,355.0909091,,,
XLU1153223,355,,,
WTZ1732478,355,,,
WJT968388,355,,,
UZZ2128995,355,,,
UYU2125614,355,,,
PWF217256,355,,,
PVO1527366,355,,,
PVD2284453,355,,,
KVK2638343,355,,,
CIC1483277,355,,,
FIJ912924,354.7288136,,,
DII650283,354.6666667,,,
DTT820886,354.6111111,,,
LEC710221,354.25,,,
JWW197137,354,,,
IYP191785,354,,,
ETE774583,354,,,
ZTS1972894,353.5,,,
MSN758137,353.3333333,,,
ZJY107677,353.2580645,,,
UXR1741133,353.0769231,,,
QQN1672897,352.6666667,,,
FQT478153,352.5,,,
ENF2070461,352.2857143,,,
RRR1057627,351.8,,,
QST2120559,351.5,,,
HDG415186,350.9285714,,,
YAV826781,350.6666667,,,
YNH13103785,350,,,
OCA1831683,350,,,
KRP898334,350,,,
HKK1852860,350,,,
GND787696,350,,,
LCF2118879,349.8461538,,,
RCB2126625,349.8333333,,,
VDI248823,349.3076923,,,
DLB261500,349.25,,,
RQY2310476,349,,,
MQL2522659,349,,,
LTE330705,349,,,
KOW322809,349,,,
PEE795235,348.75,,,
JCH2032004,348.6153846,,,
WJT2128488,348.6,,,
LGP763000,348.5,,,
DCF824567,348.5,,,
TQO20107529,348,,,
RZJ8104118,348,,,
IRL754684,348,,,
OLS2366420,347.5,,,
BBP18100596,347.5,,,
KWA208958,347.25,,,
DYV1697461,347.25,,,
YDW1836801,347,,,
KPS757729,347,,,
FEX932499,347,,,
ASN2431476,347,,,
QPB2111889,346.1842105,,,
DNX321561,346.1666667,,,
SWB769111,346.1111111,,,
SHB273575,346,,,
ERI577484,346,,,
DLN988476,346,,,
SIU543992,345.7906977,,,
TII1365892,345.6666667,,,
GAF963144,345.4736842,,,
QLZ139762,345.25,,,
TBZ5107046,345,,,
RGL2372156,345,,,
EYO2696132,345,,,
ABJ2575621,344.8,,,
VMV49303,344.75,,,
WAG1359760,344.6666667,,,
XRZ24106650,344.2,,,
WXH324666,344.137931,,,
UVX223085,344,,,
HTF1422455,344,,,
EWB1974682,344,,,
AYO284696,344,,,
TCN448321,343.6,,,
QTE149741,343.4,,,
XMA1195199,343,,,
RIN452461,343,,,
LTI669639,343,,,
IJY1721297,343,,,
HOC857927,343,,,
KST28307,342.9565217,,,
TZV943134,342.5,,,
ZXP1238469,342.4,,,
YNW267470,342.25,,,
TJP1020406,342.1578947,,,
QOH12102681,342.1428571,,,
XKT1855053,342.0909091,,,
UWC426652,342,,,
NCR2123934,342,,,
MHY6104796,342,,,
GBO4103980,342,,,
EDN1343401,342,,,
GZT2639765,341.85,,,
AXU2658005,341.75,,,
YXE970719,341.6666667,,,
XJA2229274,341.6666667,,,
TPX969600,341.6666667,,,
HVN2071580,341.6428571,,,
XOG811856,341.5,,,
JYE874166,341,,,
WCQ2231410,340.5,,,
GEO1481825,340.0434783,,,
XUY169819,340,,,
WPX1435355,340,,,
RRC2430678,340,,,
JXC561200,340,,,
QYB2072648,339.875,,,
FZS242453,339.6666667,,,
XPL2649818,339.3333333,,,
AFB1613116,339.3170732,,,
VTO968007,339,,,
HOB2391791,339,,,
BNH1770044,339,,,
ZZM1967341,338.8,,,
JCO883784,338.5,,,
HOT839744,338,,,
FZV188847,338,,,
EMY2154324,338,,,
SSD2690570,337.6666667,,,
GBH2310833,337.5294118,,,
NFK1022257,337.3157895,,,
YOU234995,337,,,
UWW246941,337,,,
QRV460399,337,,,
KJI1564227,337,,,
FOS1324285,337,,,
UBR1396402,336.8,,,
TYI1622632,336.6666667,,,
AWM2258380,336.5555556,,,
VAG1726688,336.0851064,,,
VSE613284,336.0540541,,,
ZDC555044,336,,,
PMK358386,336,,,
HYU739453,335.6666667,,,
ARV2115684,335.5,,,
MEA1728296,335.3333333,,,
GRQ1888077,335.1612903,,,
EUQ1478084,335,,,
DLU1951585,335,,,
BJT343335,335,,,
BID2055647,335,,,
BFJ945051,335,,,
ZPH1918546,334.5,,,
KHJ135532,334.5,,,
JJA1025734,334.5,,,
CJT429769,334.5,,,
ANM2559811,334.5,,,
RLT1660096,334,,,
RKQ674898,334,,,
QRS991440,334,,,
FYN1101628,334,,,
BEJ1761365,334,,,
JZX1279392,333.5,,,
HSW2411568,333.5,,,
IFX783154,333.3666667,,,
TXK2136450,333.3333333,,,
BYK10101838,333.3076923,,,
BBJ27461,333.1818182,,,
TSI1560282,333,,,
BQJ122587,332.7777778,,,
SXM215252,332.5,,,
WGF991326,332.2,,,
QXS19105279,332,,,
NMT2232370,332,,,
NDS2353913,332,,,
WRT1554711,331.75,,,
IEN2163945,331.5384615,,,
ADF288047,331.5,,,
RPB1460366,331,,,
QSL522803,331,,,
QKO1999456,331,,,
JLH1421870,331,,,
IUV2593411,331,,,
FBD26100896,331,,,
VFP460465,330.5555556,,,
VUB1834743,330.5,,,
ZES1551243,330,,,
YKB698322,330,,,
XTM170017,330,,,
VKQ1590741,330,,,
UXN178163,330,,,
UWP2685314,330,,,
URT2536039,330,,,
RGP213395,330,,,
QHN1334188,330,,,
NNP1974343,330,,,
NIQ10106377,330,,,
MYF1104805,330,,,
MVQ24107088,330,,,
MMS613074,330,,,
KHE37302,330,,,
JGS13106419,330,,,
IXF13107943,330,,,
IEB560423,330,,,
GKU1099708,330,,,
CJF1199918,329.875,,,
TLG632139,329.75,,,
HWI1158098,329.5714286,,,
VUC149152,329.2,,,
UYR491155,329,,,
EXK191254,329,,,
BZX624216,328.75,,,
BQG250136,328.6666667,,,
XXF1745891,328.5,,,
GFR1520295,328.5,,,
HZT2028305,328.46875,,,
PUK2627942,328,,,
KQF2531548,328,,,
ENH1279473,328,,,
LLW345654,327.8095238,,,
ZAF1239027,327.5,,,
RQI268466,327.5,,,
ILQ640329,327.2727273,,,
ZUO1950349,327,,,
UOO274703,326.5,,,
UCV2288275,326.5,,,
BJZ1658548,326.4444444,,,
SYN58991,326,,,
EZS196987,326,,,
PSO1444067,325.8333333,,,
GAJ1459214,325.5384615,,,
EZY1091809,325.5,,,
UEU674127,325.4,,,
FXN448183,325.0588235,,,
XUQ2377082,325,,,
RSC1799774,325,,,
PYQ767530,324.5,,,
TCO2650976,324,,,
LJC2472729,324,,,
JLW1473431,324,,,
FJZ1597635,324,,,
EHL1151420,323.8333333,,,
UXX2093834,323.3333333,,,
AVG2032214,323.3157895,,,
LDK612420,323.1428571,,,
WEO765040,323,,,
JWH188068,323,,,
CBQ2676785,322.5,,,
ABL1814739,322.25,,,
UUS1132550,322,,,
SUP767752,322,,,
SKP1817352,322,,,
KZR1677055,322,,,
GBN8102189,322,,,
EAP14105225,322,,,
APP937929,322,,,
AZD2425377,321.75,,,
ZIN1058509,321.7142857,,,
IMY1867446,321.5,,,
XTN13103335,321,,,
UAD2264449,321,,,
DUB3107697,321,,,
BEK1546530,321,,,
YTR730762,320.8333333,,,
XEO2484552,320.5,,,
UHX2082089,320.5,,,
RCQ1592004,320.375,,,
PKP890885,320,,,
IHX2072513,320,,,
YOO1628005,319.875,,,
GMA980853,319.8,,,
XRW1398511,319.6666667,,,
WZV11100629,319.6666667,,,
BYR1096741,319.3333333,,,
ZCF2614487,319,,,
TZI637827,319,,,
MXH925446,319,,,
GOY172795,319,,,
DSY2027267,319,,,
AEO1455773,319,,,
LRF815957,318.8181818,,,
LUV1833114,318.75,,,
JDQ2215276,318.3333333,,,
BLJ218685,318.25,,,
ZQS17104373,318,,,
ZLP2321357,318,,,
ZGY927273,318,,,
YTE1230117,318,,,
RCD771283,318,,,
PTZ4107241,318,,,
OVQ430384,318,,,
LAA678837,318,,,
CNS23108798,318,,,
CKG585422,318,,,
BDJ217719,318,,,
JAD1614373,317.62,,,
BAD129735,317.1,,,
BTA460207,317.0769231,,,
WFA769837,317,,,
JFE1278798,317,,,
HEU1440722,317,,,
FEC2030828,316.6666667,,,
WOK311913,316.5384615,,,
GYN2494260,316.5,,,
UZK26101772,316.25,,,
XYB1743839,316,,,
ISP484174,316,,,
HEE2596954,316,,,
UAB1547910,315.6666667,,,
QZE1325650,315.3333333,,,
MZP915612,315.25,,,
ETV2589679,315.25,,,
GPY1326148,315.2,,,
OQR187557,315.0491803,,,
WFV317898,315,,,
SWU1562718,315,,,
PUL1153532,315,,,
DAO2676695,315,,,
BUA358662,315,,,
BKZ1731230,315,,,
JAG234611,314.7272727,,,
RYV2572084,314.5,,,
GSA1287384,314.5,,,
EAN2034320,314.2857143,,,
WTM2127375,314,,,
VDX2565838,314,,,
SGK2266123,314,,,
FYF1786073,314,,,
ATO237404,313.9816514,,,
BHI684087,313.5833333,,,
CGY1092706,313.2,,,
QWT1558332,313.1428571,,,
VHH935163,313,,,
JPN738520,313,,,
WWQ485404,312.8181818,,,
PCC217254,312.5384615,,,
PTH740350,312.5,,,
WCB534278,312.25,,,
YYJ361005,311.4,,,
SHN537608,311.3157895,,,
PHG1448444,311,,,
KAZ777190,311,,,
MYK1157105,310.9333333,,,
ZRN938295,310.8333333,,,
QJB810296,310.8181818,,,
ZVE1814865,310.8,,,
VRH483712,310.6666667,,,
SGL1727420,310.6666667,,,
KZJ17392,310.4210526,,,
DUE2346680,310.2,,,
YCQ667191,310,,,
WWO1728482,310,,,
SVQ1743725,310,,,
QAD12108372,310,,,
PNT11105501,310,,,
EDR872078,310,,,
COJ1057723,310,,,
AQJ17104619,310,,,
SKO1851048,309.5,,,
XDH1690603,309.4,,,
HOX317142,309.3333333,,,
AIH587729,309.3333333,,,
RZR1930714,309,,,
RBX765166,309,,,
NTA2359076,308.3333333,,,
WQI1448501,308.1333333,,,
WAH863381,308,,,
VWM1591374,308,,,
VVZ159271,308,,,
ERS1745762,308,,,
CZC1481285,308,,,
MGC1225449,307.8787879,,,
ODO1265328,307.75,,,
AYQ748894,307.6071429,,,
HDK1829313,307.4,,,
LYK1027810,307.2413793,,,
UKS1827489,307.2,,,
SKQ1758032,307,,,
JUW8103527,307,,,
JBK1556859,307,,,
OSW528557,306.8333333,,,
QIU108655,306.6666667,,,
ARS179344,306.5,,,
YGW1771763,306.4666667,,,
SDF1289874,306,,,
RQJ293393,306,,,
PEC1072840,306,,,
KIB1362001,305.75,,,
TMK2089934,305.5,,,
PIZ914319,305.5,,,
ATC1238322,305.5,,,
AJI2623796,305.2,,,
FTF2314451,305.15,,,
FRP2123457,305.0555556,,,
WRP1844013,305,,,
TPJ1993699,305,,,
QLH1155161,305,,,
HFG2572771,305,,,
BVI2235694,305,,,
KBB794470,304.3636364,,,
WNQ1476026,304.3333333,,,
OJE629109,304.2142857,,,
ZNL1037497,304,,,
KSN190645,304,,,
UMH994797,303.8333333,,,
PDH1114814,303.53125,,,
TWZ411301,303.5,,,
SAB352902,303.5,,,
LLI2103677,303.5,,,
CUP1189316,303.5,,,
MOF389058,303,,,
HFW1460012,303,,,
GIA1797104,303,,,
GAG1455563,303,,,
KEF1610098,302.4166667,,,
RLV173854,302,,,
PAR1960189,302,,,
IOC486562,302,,,
JPX317646,301.7083333,,,
HDM2142615,301.6,,,
VLN2014787,301.5,,,
SNG1734599,301.5,,,
RUY354873,301.5,,,
XPU316323,301.3703704,,,
IUX473644,301.2941176,,,
RMW175534,301.25,,,
RTF1297014,301,,,
PFG367896,301,,,
CUE1439840,301,,,
JPN229702,300.969697,,,
ARS395418,300.875,,,
SDI2460186,300.75,,,
VUO511322,300.7307692,,,
JCZ951465,300.5,,,
ZJL1945027,300.3333333,,,
EBR1030405,300.2222222,,,
WFL1623730,300,,,
VQU363879,300,,,
VKG1832727,300,,,
ICF580601,300,,,
BHC682794,300,,,
EOC5103725,299.3333333,,,
VIA2215306,298.7857143,,,
DVG2628344,298.6666667,,,
ONK1687459,298.5,,,
EBK2435202,298.5,,,
IAC2064197,298.25,,,
MQN1443473,298.1538462,,,
SDH621477,298.1428571,,,
ERV1438436,298.0909091,,,
ZRI25104688,298,,,
WKO1731902,298,,,
GWL110338,298,,,
AMT2367167,298,,,
FTV1549383,297.875,,,
XMH2480013,297.8333333,,,
UNU2580283,297.75,,,
UFV715012,297.5,,,
HOY372423,297.5,,,
KRP78385,297.4444444,,,
DPH1883247,297.4,,,
YPD206813,297.2702703,,,
YPH2165616,297,,,
QMA891845,297,,,
BNX169768,297,,,
AOR169453,297,,,
FIF616023,296.7272727,,,
KUP1220949,296.68,,,
WRA1740374,296.6666667,,,
AOR1825728,296.6470588,,,
ZFW1552893,296.5,,,
MMP615363,296.5,,,
OEG1256796,296,,,
EZD1899258,296,,,
VXV2285368,295.8333333,,,
AXJ1062982,295.8,,,
HVE1776965,295.75,,,
WUP2657264,295.6666667,,,
UIZ738577,295.5555556,,,
WGT435550,295.5454545,,,
MYD1458629,295.5,,,
AZF150964,295.5,,,
ALD1668247,295.4,,,
DZO1834482,295,,,
SRY251711,294.1666667,,,
VUZ2169147,294,,,
QTV796297,294,,,
MSL1428383,294,,,
IDI2590723,294,,,
HCW885197,294,,,
FUU1349896,294,,,
YRX1041466,293.5,,,
CZJ1717760,293.25,,,
ZGU1125056,293,,,
GKG987630,293,,,
IUB916287,292.9090909,,,
UBH1190846,292.6666667,,,
BIN896666,292.5,,,
GLM812750,292.4666667,,,
RXC2228875,291,,,
DOH735013,290.8461538,,,
HYD929895,290.8095238,,,
CKN1841247,290.5333333,,,
PPV1741244,290.5,,,
RSP2077526,290,,,
LXV2320613,290,,,
IVQ3106068,290,,,
BYD1612624,289.7272727,,,
HPR1543164,289.7142857,,,
LBB822431,289.6666667,,,
XSR397560,289.5,,,
USD1776833,289.4,,,
GGA817427,289.3,,,
XPA2654423,289,,,
QHR387849,289,,,
JDB4101688,288.6923077,,,
SBB1391353,288.6666667,,,
YVF559334,288,,,
SGI1281501,288,,,
IDF720676,288,,,
SLE1366000,287.5,,,
JSQ186298,287,,,
SIH6100473,286.6666667,,,
VGS1977268,286.6,,,
WQH963801,286.2666667,,,
XHD1529916,286,,,
TWM2525935,286,,,
PVD732481,286,,,
ILX2220838,285.9166667,,,
XWD1179995,285.8461538,,,
VZL1292688,285.5,,,
OLP1797101,285.5,,,
QSU929562,285.3333333,,,
ZZN585308,285,,,
TSF6104268,285,,,
GXZ11104895,285,,,
DEI1442639,285,,,
JBN1511604,284.48,,,
VNE2117295,284.45,,,
NBH929952,284,,,
IML2399819,284,,,
CPB2289133,284,,,
IUL1224204,283.5,,,
YGS1553559,283.4,,,
WYO934239,283.3333333,,,
FSF2485194,283,,,
BUK1883010,283,,,
PFK1425842,282.5,,,
EOW858863,282.5,,,
NXK936165,282.4285714,,,
JRK1913389,282.4,,,
XSQ1944583,282.1111111,,,
RSS1616719,282,,,
YLS1572852,281.8888889,,,
KXD354207,281.826087,,,
DKJ1222311,281.6956522,,,
GVH2528827,281.6363636,,,
QQV394101,281.5,,,
AFM811103,281.4545455,,,
HSJ438925,281.4285714,,,
SRB934353,281.3333333,,,
WZH1113854,281.125,,,
CYC1882053,280,,,
CUJ1446599,280,,,
BGD460711,280,,,
OIG234248,279.75,,,
THC2649158,279.5714286,,,
VMQ389241,279,,,
TKC21105894,279,,,
SNK2313398,279,,,
LQC399111,279,,,
EGI189751,279,,,
BNS1210536,278.7307692,,,
JAW691992,278.6666667,,,
HXF1799420,278.5,,,
NOK1615573,278.3333333,,,
ZAW2426436,278,,,
ONJ2286493,278,,,
XDQ585392,277.7777778,,,
XAC14109449,277.6666667,,,
JFO830036,277,,,
UUI911994,276.9090909,,,
TJU2666525,276.8,,,
BLL1157429,276.7142857,,,
NZC2319923,276.3636364,,,
QDD1930060,276.2941176,,,
MDF2156772,276.2857143,,,
ISN2212006,276.1176471,,,
YTD875777,276,,,
KFF391875,276,,,
CWF2479266,276,,,
AHX630603,276,,,
LUB88529,275.952381,,,
DNZ213848,275.6666667,,,
GXS2558176,275.5,,,
VBV2179332,275.0555556,,,
DTM1480889,275,,,
BVI2078558,275,,,
AHJ1330336,275,,,
DOT1510434,274.75,,,
NVO2519704,274.7241379,,,
QSE2165835,274.6,,,
PMG554969,274.5,,,
WTE8104418,274,,,
KOX2055434,274,,,
HXW1041928,274,,,
GNF1949794,274,,,
BGR195487,274,,,
AOU169003,274,,,
LWC2012150,273.75,,,
LJS847745,273.5,,,
XTO530132,273.25,,,
JBQ494686,273,,,
FQR227612,273,,,
POG259978,272.4925373,,,
ERH2479008,272.3333333,,,
TUF1879749,272.1111111,,,
WKY1592472,272,,,
TPM1829571,272,,,
QSK1363870,272,,,
HAF1176413,272,,,
BWW22101715,272,,,
PJS582350,271.8,,,
QQW470359,271.6538462,,,
ZCZ7100770,271.3333333,,,
DNN523598,271.0769231,,,
XIK1313260,271.0540541,,,
DLV1839039,271.0434783,,,
NOA1236585,270.9090909,,,
SJI1164773,270.7727273,,,
FSW1945933,270.7142857,,,
XXQ2114052,270.5,,,
VYV2656793,270.5,,,
YVX1586550,270,,,
XHI437845,270,,,
IZF1075303,270,,,
FZB289037,270,,,
EJD2057045,270,,,
AWI180553,270,,,
ABB4102768,270,,,
AAE1542675,270,,,
RPZ215918,269.8888889,,,
PWU2540167,269.8333333,,,
GFD1348522,269.7777778,,,
VHX774505,269.65,,,
TQY167677,269.6,,,
XDR2356154,269.5,,,
IMN429490,269.25,,,
UKV1365985,269.2,,,
AFP1458314,269.2,,,
YPE136558,269,,,
LAP1458068,269,,,
EFH1087582,269,,,
PDM1332046,268.7142857,,,
VOW98565,268.6,,,
ICJ2232433,268.358209,,,
ZXM612261,268,,,
YDE2049902,268,,,
UIX1619608,268,,,
DUG13108135,268,,,
VPN2633606,267.75,,,
POZ1737470,267.5,,,
NVF1225269,267.375,,,
OGZ2330672,267.1666667,,,
WKS2030480,267,,,
TYA1551591,267,,,
SWN185950,267,,,
BHH277007,267,,,
ALG333861,266.7,,,
IXQ1838355,266,,,
FYI2334494,266,,,
TNO1948360,265.6666667,,,
LIM1983991,265.6666667,,,
SLF1458839,265.6,,,
OJO343911,265.5384615,,,
TVP2610440,265.3333333,,,
OOP1049806,265.25,,,
VUM2110905,265.2,,,
ONN2489832,265.2,,,
OAD2420247,265.1666667,,,
NWC921900,265,,,
IBX184699,265,,,
CMO892874,265,,,
ANO1867731,265,,,
DJP1612093,264.8571429,,,
RSE1954072,264.75,,,
REC765232,264.75,,,
JGZ2213470,264.6666667,,,
EDE2531965,264.6666667,,,
FFE2172186,264.5,,,
LVJ18100413,264,,,
SPR518813,263.8181818,,,
IVM1834806,263.6666667,,,
PIJ652473,263.3611111,,,
XPE17107493,263.3333333,,,
VYX1260705,263.1666667,,,
ZYV752536,263,,,
NKR517349,263,,,
KHB394998,263,,,
FBB2096153,263,,,
ESX1274961,263,,,
TUA10105510,262.8,,,
PVZ1683094,262.7058824,,,
WUB1078543,262,,,
VSO185533,262,,,
GVD1085560,262,,,
HHY1742927,261.4166667,,,
JNZ2065385,261.2,,,
HYO2255467,261.2,,,
WXP1341364,260.8636364,,,
UIG2140431,260,,,
TXW486598,260,,,
QOF2559130,260,,,
PQY2121393,260,,,
WDK2021648,259.8823529,,,
MHI118018,259.6744186,,,
MTE2621390,259.5,,,
BXZ448810,259.25,,,
IUZ1150547,259.125,,,
KGM2126508,259,,,
IWT491248,259,,,
VMM1661848,258.8,,,
MOI1638808,258.6,,,
MKY319845,258.3333333,,,
VPF109954,258,,,
JXH461203,258,,,
CXU758950,258,,,
BPO261512,258,,,
LRC1929424,257.9166667,,,
VIC1046107,257.8,,,
QGM2231203,257.75,,,
YGN1023826,257.5,,,
TFS2394683,257.5,,,
PJY1711907,257.0869565,,,
SKP1513875,257,,,
SIR852572,256.6666667,,,
WUK158127,256.3478261,,,
KIW147422,256.3333333,,,
RRA1025824,256.2857143,,,
XLW2512570,256.25,,,
BGI2443926,256.1666667,,,
TGW2091497,256,,,
OCO2699288,256,,,
BQD1498715,256,,,
YNN446548,255.8333333,,,
MDF1899804,255.8,,,
EUL860450,255.6666667,,,
PJI574352,255.5,,,
EYH2226841,255.2631579,,,
GZI1965178,255.25,,,
XWM2631530,255,,,
VHI1135160,255,,,
UGU217817,255,,,
TGR1645279,255,,,
SVY8106299,255,,,
SUA899018,255,,,
LAK1165898,255,,,
KDA2045495,255,,,
IKG2585797,255,,,
IDF1587000,255,,,
GPS1949386,255,,,
GMR2168454,255,,,
NMQ2434776,254.1851852,,,
WYI119947,254,,,
CXR5102669,254,,,
EVN1646686,253.8571429,,,
UVV1231602,253.6,,,
KSE13100983,253.5,,,
GEG1372861,253.4,,,
UCS2129412,253,,,
PYG1213254,253,,,
OWQ2441526,253,,,
LWU1849542,252.6666667,,,
UXD2183529,252.516129,,,
DVC388569,252.5,,,
CMY572090,252.4,,,
RIP2080472,252,,,
OLV772366,252,,,
FDW177668,251.9047619,,,
PVC880616,251.4,,,
YFX1129448,251.3333333,,,
TVV88502,251.0333333,,,
WZH755662,251,,,
OMO13100014,251,,,
ZOL1595160,250,,,
XHH1262172,250,,,
SYA5104700,250,,,
RSQ2498319,250,,,
ROY2557009,250,,,
LIO9106872,250,,,
JHQ1176272,250,,,
DLW2516716,250,,,
PFA2525989,249.6666667,,,
WSP2083238,249.25,,,
CKB346527,249.05,,,
ZXU2430366,249,,,
ZJJ1075333,249,,,
NAS1940221,249,,,
HEN845924,248.75,,,
HOX596711,248.6666667,,,
YFJ1737095,248.5,,,
TMT2558503,248.3333333,,,
ZPA1320592,248,,,
MSI18103563,248,,,
JTV1680598,248,,,
GSH878828,248,,,
VNC1225341,247.9310345,,,
RCN273707,247.6666667,,,
ROP2334374,247.5833333,,,
ZUP8102705,247.5,,,
RYB11107988,247.5,,,
OAS1339975,247.5,,,
GYH1036783,247.5,,,
YCJ1591197,247.2,,,
OEQ2059748,247.2,,,
ZJW2281555,247.1666667,,,
YKC1347997,247.1428571,,,
WNZ163057,247,,,
TAN2490912,247,,,
GTG1625221,247,,,
DMQ352095,247,,,
CET1477472,247,,,
ACC217442,246.8139535,,,
DBR1293303,246.75,,,
ABZ1462598,246.5,,,
KON1219620,246.1111111,,,
PBC2377391,246,,,
LWC636234,246,,,
LRU2579545,246,,,
JGZ1357147,245.9090909,,,
NHN1313233,245.6666667,,,
SWT959592,245.5,,,
BWX876947,245.3333333,,,
VVS1818837,245.1538462,,,
YEI2319287,245,,,
MCS1516446,245,,,
CHH187563,244.8266667,,,
RRY1083979,244.625,,,
PDY1849509,244.5,,,
FOT2635475,244.1666667,,,
SEY1845252,244,,,
NLW374946,244,,,
JLA2356085,244,,,
GWT2466411,244,,,
ESN291398,244,,,
EHZ1948276,244,,,
XUZ3105276,243.75,,,
HAZ1811967,243.4166667,,,
VIK1068640,243.4,,,
DBL257875,243.3333333,,,
SEL129765,243,,,
PTR1645651,243,,,
LQP799969,242.5,,,
FTY26105285,242.5,,,
EVH26104634,242.5,,,
RZS1493384,242.3333333,,,
NDL853169,242.2,,,
SLU3105831,242,,,
EZM436924,242,,,
CUE2138748,242,,,
LPJ2196039,241.875,,,
ZVU712672,241.8611111,,,
CFI1650046,241.75,,,
QLJ10105912,241.5,,,
CSQ1969969,241.5,,,
PHP2017517,241.1666667,,,
YDY2193213,240.6666667,,,
DCV1829526,240.6666667,,,
LOO382698,240.5,,,
XYC963555,240,,,
PCB19100725,240,,,
MZS1388884,240,,,
LUW560078,240,,,
KHW850385,240,,,
GUV577715,240,,,
MVO126862,239.9375,,,
QTF442570,239.8571429,,,
AWV410077,239.7727273,,,
ETO2154033,239.6153846,,,
IPA859064,239.4,,,
SGM1363699,239.3333333,,,
TOV1231107,239.3043478,,,
XKK570845,239.25,,,
MYM2553439,239.2,,,
YDL97113,239.0666667,,,
DJL320847,239,,,
BXX265064,239,,,
KBM1367770,238.6363636,,,
TXT4105597,238.6,,,
NJK240422,238.3333333,,,
WZN1786046,238,,,
UGT2392838,238,,,
LUZ2173440,238,,,
IMU2552887,238,,,
ZNV2180157,237.75,,,
JVZ980535,237.4705882,,,
WXE5107730,237,,,
WPK2352830,237,,,
NGC457846,237,,,
MML24106761,237,,,
JCB1490576,237,,,
IBK684849,237,,,
HLZ787486,237,,,
RRA1768619,236.6666667,,,
DOH1077073,236.6666667,,,
CSY2102099,236.6666667,,,
GTA2033438,236.55,,,
SZG1696804,236.5,,,
BWP1061809,236.5,,,
AQH11104640,236,,,
AHH1183376,236,,,
RCO2034656,235.65,,,
RGP1074106,235.25,,,
BNP1745291,235.2,,,
WWM320250,235,,,
VKC1553115,235,,,
RQQ1427852,235,,,
QIT1982836,235,,,
HLH2675924,235,,,
ELT697929,235,,,
EBT131068,235,,,
DAI570545,235,,,
EOP353967,234.875,,,
GXS7101697,234.6666667,,,
TBL243551,234.4444444,,,
QEF2346302,234.2142857,,,
YGQ79909,234,,,
SGU493657,234,,,
LUJ353733,234,,,
HLF2648036,234,,,
STC863243,233.5,,,
DEO2267425,233.5,,,
GRP633222,233.4166667,,,
BCO1862550,233.3333333,,,
UYU2433825,233.0487805,,,
SFY2580121,233,,,
LOH1294563,232.5,,,
UFK1022602,232.4166667,,,
RNH426538,232,,,
QJT2163948,232,,,
MLC1235931,232,,,
AUQ1138256,232,,,
XRR2383016,231.4,,,
KMJ2138682,231.3333333,,,
HLD313005,231.1,,,
QCA1441772,231,,,
IYV256535,230.75,,,
THJ2229955,230.3333333,,,
JUX1364239,230.3,,,
WDF185572,230,,,
VVO490867,230,,,
IFD9106242,230,,,
GJB2076101,230,,,
RME2655278,229.75,,,
DBG240209,229.5,,,
XNS2236465,229.125,,,
WHI2634839,229,,,
TYZ1041934,229,,,
SUJ879959,229,,,
PHR1455506,229,,,
JCJ1462121,229,,,
IPS21108696,229,,,
GJW261224,229,,,
GEZ853016,229,,,
AKB2293372,229,,,
RTT26101586,228.5,,,
DBC1658338,228.5,,,
YVM10108573,228.3333333,,,
VEX1045582,228.125,,,
PRQ1197068,228,,,
OXN22100989,228,,,
LTC579500,228,,,
FVW921705,228,,,
ERT1475447,228,,,
YTA440788,227.5,,,
FQU1684948,227.5,,,
URL430954,227.4705882,,,
STP969975,227,,,
HDX2078651,227,,,
IYL1312885,226.9,,,
LIN158182,226.6,,,
AOG417025,226.5,,,
BPX1989652,226.3,,,
RDY1014199,226.25,,,
GWZ2676209,226.2222222,,,
QDU144235,226.1428571,,,
ZPP513893,226,,,
UUJ662724,226,,,
MSR2070068,226,,,
MIW1339918,226,,,
PXS1282965,225.6666667,,,
QYM1319359,225.6,,,
RDK810473,225.5769231,,,
ADF59546,225.56,,,
COO1391422,225.5,,,
BZW1844256,225.5,,,
BUT2618267,225.5,,,
TXL482200,225.3333333,,,
AOB1247994,225.2,,,
WCK263606,225,,,
URB1670476,225,,,
UNS611139,225,,,
UFT1248681,225,,,
STD1272558,225,,,
SDB651690,225,,,
SCM1734221,225,,,
SAD140572,225,,,
OZS2083382,225,,,
MIS477988,225,,,
LRC2452413,225,,,
LFP396582,225,,,
JXJ2419893,225,,,
GQE740200,225,,,
GNI1738445,225,,,
EQO2563750,225,,,
EYK1435982,224.8181818,,,
NAN1818090,224.6,,,
SBQ1840611,224.5,,,
UJR1436021,224,,,
JTV2287843,224,,,
HDW1381747,224,,,
CIW1521813,224,,,
AEI136750,224,,,
YRA2257669,223.875,,,
WNH2543797,223.8571429,,,
YHV247932,223.6666667,,,
SSF23103437,223.6666667,,,
ZKJ2387462,223,,,
UGU1785737,223,,,
OHJ1250517,223,,,
LPP2486574,223,,,
EXS1477367,223,,,
WNV1726265,222.7142857,,,
XIY524108,222.5625,,,
PCM352116,222.5,,,
IZG788548,222.5,,,
YQR644514,222.3333333,,,
ELP116041,221.5555556,,,
ELT2339963,221.2,,,
YAX1730309,221,,,
KGK362547,220.9090909,,,
QSY222407,220.7846154,,,
OHX269318,220.6666667,,,
TQP426142,220.5,,,
BHN2287105,220.1666667,,,
SYU579524,220.1428571,,,
UJP139645,220,,,
IOX994896,220,,,
FGO914535,219.6666667,,,
CMP1289328,219.6666667,,,
SDK1417829,219,,,
QED2592967,219,,,
OTX2072957,219,,,
IPO2093702,219,,,
HRF1220502,219,,,
RJG845018,218.5,,,
NKK1377478,218.5,,,
JRK1999888,218.5,,,
GLF1662166,218.5,,,
FLV1616626,218.5,,,
KVS1691260,218.4,,,
BGR1540425,218.4,,,
MCZ117962,218.3921569,,,
BDD469546,218.0555556,,,
YNF782488,218,,,
DHO128898,218,,,
BZV1112588,218,,,
ZVD2689373,217.5,,,
HMK1666003,217.3714286,,,
XSP710818,217.25,,,
RWZ545798,217,,,
ATO829331,217,,,
ACV1389043,216.4285714,,,
SAI2084558,216.3333333,,,
RKG2253772,216.3333333,,,
CPC1944769,216.3333333,,,
PYZ1248684,216,,,
IYW6105975,216,,,
JRG960192,215.6666667,,,
VIN2226631,215.625,,,
NIR117985,215.25,,,
KHT2338475,215.0810811,,,
YIH1443635,215,,,
YEY9102696,215,,,
XSP1582764,215,,,
TPL119494,215,,,
SPY535244,215,,,
LVB479707,215,,,
LNU1635949,215,,,
DUU1024747,215,,,
JUU1451468,214.9090909,,,
LHT99387,214.8139535,,,
URC174292,214.7222222,,,
EWE554306,214.5333333,,,
PJT2170377,214.5,,,
BGV1029286,214.3333333,,,
ZYG693321,214,,,
SMH246834,214,,,
LJS699876,214,,,
IIG1145699,214,,,
AJD974439,214,,,
XAU23103998,213.8,,,
PZE330813,213.6666667,,,
QGX241418,213.6,,,
HFJ1032967,213.3333333,,,
UUJ2333231,213,,,
LFH2551354,213,,,
WZD596933,212.8333333,,,
EMQ1297923,212.75,,,
ZRM1574871,212.5,,,
VBB2620370,212.3333333,,,
ILB769270,212.3333333,,,
IRP1166729,212.1428571,,,
PSR2129679,212,,,
MQJ774949,212,,,
FXE1176308,212,,,
OUI131479,211.6333333,,,
DIP2041679,211.6,,,
PPF525431,211.5,,,
JAT1246767,211.4,,,
CFF387528,211.3333333,,,
NOM1698172,211.2,,,
HXD1013104,211.15625,,,
PNR599858,211,,,
IYB572432,211,,,
DNE1247343,211,,,
RWK664503,210.3333333,,,
AQI2107775,210.3333333,,,
YVV2066543,210,,,
VGY2557120,210,,,
RUI1128707,210,,,
QXD1352131,210,,,
NQG1830075,210,,,
NCE2613419,210,,,
MBR818543,210,,,
GVN596165,209.5,,,
VPG2319473,209.35,,,
KDF2445267,209.0625,,,
YIW1993189,209,,,
WEP2695475,209,,,
RVU114958,209,,,
QNW1142201,209,,,
LXX594743,209,,,
ZGC2637407,208.6666667,,,
BXJ2104169,208.6666667,,,
VHE513602,208.5,,,
EKH1677253,208.2857143,,,
HTD1191722,208,,,
COL2146905,208,,,
VQG1642597,207.5,,,
NIK23108729,207,,,
LNF2100458,207,,,
ISG897581,207,,,
AME1940182,206.8333333,,,
TAA257842,206.5967742,,,
OQK338481,206.5,,,
IBB2023667,206.2727273,,,
NVB2265307,206,,,
CBT1947634,206,,,
BLF2490294,206,,,
AZJ240224,206,,,
NOM2023133,205.8636364,,,
SVZ2493786,205.5,,,
AXU2345978,205.3333333,,,
WVK2387027,205,,,
VSE1080190,205,,,
RNG2213719,205,,,
OAR674982,205,,,
NGG2393105,205,,,
IMJ1452068,205,,,
PVM12103314,204.5,,,
OBC1827948,204.5,,,
FWG543830,204.5,,,
TRV1370734,204.4375,,,
XHL1928134,204.3333333,,,
LTB1840935,204.3333333,,,
KUX2537446,204.2857143,,,
ZMI1895655,204,,,
SOM1258758,204,,,
QYW1796252,204,,,
MDR329028,204,,,
LEU2123343,204,,,
IJH2087714,204,,,
EXA2669468,204,,,
EDA6103203,204,,,
DLT1029778,203.9,,,
FFL2590159,203.5714286,,,
VGD1112426,203.5,,,
XZA380286,203.4,,,
UUN2240791,203.2,,,
ASN10109716,203,,,
ZDD2559250,202.5,,,
XVP1274829,202.5,,,
TXO2678639,202.5,,,
JFC1982578,202.5,,,
TRK1986541,202.3333333,,,
YZF1242222,202,,,
VQS2221588,202,,,
UWW880406,202,,,
MWQ2635094,202,,,
DDT871397,201.6470588,,,
SSQ1873314,201.5,,,
FOA2229967,201.1538462,,,
MQP20104577,200.8,,,
MYE685815,200.6538462,,,
OIV912297,200.5384615,,,
AEF1162685,200.3333333,,,
XEK2533384,200.25,,,
FLZ1240191,200.125,,,
UXD7108738,200,,,
SVP11101208,200,,,
QVH10107391,200,,,
OHH149021,200,,,
KMI2654768,200,,,
JUW2397470,200,,,
IIE20102306,200,,,
GXO626361,200,,,
GDD1395730,200,,,
FFP338196,200,,,
BSR2037677,200,,,
BNE3109662,200,,,
BKE19107637,200,,,
PXV2343806,199.8461538,,,
SFZ177658,199.75,,,
EQY1255671,199.75,,,
VIN1428695,199.6666667,,,
FLZ1657459,199.6666667,,,
RVH1012990,199.1333333,,,
TDP775624,199,,,
NNQ1050616,199,,,
HKA1102117,199,,,
EIK2181036,199,,,
HDQ10102765,198.3333333,,,
IEA1983073,198.1818182,,,
VUJ1986571,198,,,
SXD2467029,198,,,
OAM2280280,198,,,
NYX1344793,198,,,
IVO882734,198,,,
HSJ1098199,198,,,
GIN2168322,198,,,
ETN1689499,198,,,
CQG1580088,198,,,
QJC186783,197.9230769,,,
HEU858512,197.5,,,
PBB1586184,197.25,,,
BYE221417,197.1578947,,,
YEA15109446,197,,,
FEO2584822,197,,,
DRF422650,196.9285714,,,
TII397347,196.6666667,,,
PMR1532085,196.6,,,
CPY2270644,196.25,,,
UAJ1687339,196.1666667,,,
YEH2237833,196,,,
WMZ1673611,196,,,
RJT2487276,196,,,
GOM1033870,196,,,
PTV450766,195.9473684,,,
VGE1836156,195.9230769,,,
HDF2146542,195.6,,,
RYQ97935,195.3333333,,,
XDD546281,195,,,
VYJ178613,195,,,
LWC1120277,195,,,
KYM759544,195,,,
EIN353121,195,,,
CWF1667281,195,,,
VYO1021948,194.6,,,
WMU1764443,194,,,
RMR252368,194,,,
JBN2327012,194,,,
ELW12103011,193.5,,,
ZVU2018558,193.46875,,,
CUF2215576,193.2727273,,,
ZMU780133,193,,,
RUM1384060,193,,,
PGB853715,193,,,
KQF1541901,193,,,
FPL2478210,193,,,
BCG1391833,193,,,
NEF2534689,192.8076923,,,
QWX13104520,192.5,,,
VBY2474376,192.4,,,
LWI4102294,192.3333333,,,
SPQ1562985,192.25,,,
XWA818798,192,,,
EDB2413305,191.6666667,,,
DSN1864707,191.6666667,,,
KTK16100998,191.5,,,
LTU936921,191.375,,,
CVI1953409,191.2857143,,,
LZC776683,191,,,
DLW1985155,191,,,
ACY1277631,190.8,,,
VIA582335,190.6666667,,,
MCC939327,190.4166667,,,
ZXO1632598,190,,,
ZJN1197515,190,,,
YVX2444052,190,,,
YTV444481,190,,,
UNC2432724,190,,,
QJM1130966,190,,,
OLV1530984,190,,,
MCS1998643,190,,,
LXZ548798,190,,,
LUY982467,190,,,
LBQ10103341,190,,,
IRN2229784,190,,,
IRJ994545,190,,,
GHI1359301,190,,,
EKA836969,190,,,
DOF413662,190,,,
BOY2376578,190,,,
ATQ2058134,190,,,
APS883061,189.8571429,,,
IVT2069816,189.8,,,
KFZ1746584,189.5454545,,,
OMI13104334,189.5,,,
KZE211325,189.0833333,,,
GXY798211,189,,,
NTD10103278,188.6666667,,,
MTV2495484,188.5,,,
WME1656097,188.3333333,,,
YNR374679,188,,,
NUB1610968,188,,,
NBX913779,187.8333333,,,
DBF1923658,187.5,,,
BMD2221270,187.3333333,,,
KUC1529091,187.0588235,,,
YNG2476569,187,,,
SFJ1263333,186.6666667,,,
CIY1963081,186.6666667,,,
SEO144799,186.5,,,
SKU815633,186.4285714,,,
XGJ1139531,186,,,
TZJ2071844,186,,,
OUG810773,186,,,
HCR1154879,186,,,
EBK4101841,186,,,
EBD1819479,186,,,
CRU311790,186,,,
CIK6102384,186,,,
SIB2223454,185.6923077,,,
EWH922182,185.6666667,,,
WWC2687762,185.5,,,
FMQ1427936,185.5,,,
DKE1642864,185.4285714,,,
CAO1449017,185.4,,,
SAV2124858,185.0909091,,,
YLZ26107274,185,,,
VLF21109200,185,,,
QUW282161,185,,,
BVK672033,185,,,
ARN134716,185,,,
YFG134443,184.7692308,,,
ODP337260,184.5,,,
MZJ1197335,184.5,,,
MQT972750,184.5,,,
WBR672954,184,,,
TRH1026913,183.880597,,,
XQN1266024,183.8,,,
BDX17106611,183.6666667,,,
OQN487012,183.5,,,
BHT2042897,183.3333333,,,
DXP1544457,183.1515152,,,
ZIK2229445,183,,,
TXU17108462,183,,,
MGL343890,183,,,
GJK2375894,183,,,
DAW1518804,183,,,
CKW646257,183,,,
HOR1716053,182.5714286,,,
EDF925251,182.5,,,
EAQ1549983,182.5,,,
VWB1937395,182,,,
IMD851369,182,,,
NUE930597,181.7083333,,,
WZD321126,181.5,,,
QIO223397,181.3333333,,,
DPB625737,181.3333333,,,
AIS141943,181.3333333,,,
GNE268184,181.2727273,,,
SNL15108621,181.25,,,
HPB2069684,181,,,
CGQ2073083,181,,,
CAE2582707,181,,,
SQX1710635,180.7857143,,,
NQJ1729469,180.7692308,,,
NGQ1160438,180.75,,,
CLH397491,180.5,,,
MHP1636690,180.3076923,,,
WMN927870,180.25,,,
SXB852386,180.1428571,,,
VUD1356961,180.0769231,,,
ZXF999360,180,,,
SEX180142,180,,,
QVP2097779,180,,,
QHF294818,180,,,
QAH23101247,180,,,
NJP2123694,180,,,
HRL2104829,180,,,
ARL13108354,180,,,
TCA2323856,179.44,,,
VVR798982,179.4,,,
PFH2115510,179.2,,,
VSK2317109,179.1666667,,,
ZAA1168592,179,,,
FXN254741,179,,,
FRU1236282,179,,,
SKV124408,178.8,,,
AQQ2537344,178.6666667,,,
XLV1579905,178.4285714,,,
SDI398445,178,,,
OOI1923703,178,,,
EZU1041061,178,,,
TBA5100542,177.6666667,,,
AVW2145021,177.625,,,
VBP2695265,177.5,,,
IJD2485281,177.5,,,
WEY2112684,177.2222222,,,
TWG691986,177,,,
MWI1964689,177,,,
IIE1178462,177,,,
FPT2171352,177,,,
EXX233882,176.75,,,
FGR936837,176.5714286,,,
IBJ119719,176.5,,,
VEH385977,176,,,
PVU2041823,175.9148936,,,
DFP711046,175.4,,,
SWF1841544,175,,,
SLV1777835,175,,,
GXA1186142,175,,,
CBE21102885,175,,,
YIT184981,174.875,,,
XFX2072492,174.5,,,
HTX13105147,174.5,,,
NNP3100773,174.3333333,,,
IZV984153,174,,,
HJP576476,174,,,
GOA322302,174,,,
CFX317826,174,,,
CMS2420802,173.9230769,,,
PZT1529730,173.6666667,,,
SNB2345099,173.5,,,
ZFU1177178,173,,,
XSS2618528,173,,,
EJA17102219,173,,,
KYN966759,172.5,,,
INF765553,172.5,,,
WHU1141151,172.3333333,,,
EVX1139798,172,,,
EAF642186,172,,,
OLW795244,171.75,,,
NNZ832718,171.5,,,
UDF1247670,171.2,,,
NSA2183514,171.1428571,,,
QKW1237905,171,,,
NXE820616,171,,,
CPA1881642,171,,,
DAB1154927,170.5,,,
HSR2018630,170.2,,,
SAC24106968,170,,,
RJH1298940,170,,,
RDG1544802,170,,,
XJQ18100971,169.6666667,,,
WWY1882023,169.6666667,,,
YIL1565421,169.6,,,
DVT438724,169.5,,,
CHB342384,169.5,,,
YXF2478750,169,,,
XIN1823247,169,,,
WZM1234848,169,,,
WMI1678090,169,,,
UXE1883055,169,,,
SRZ666303,169,,,
POV470881,169,,,
NHC564647,169,,,
KSY1039255,169,,,
JZV2435274,169,,,
KVP1131320,168.7142857,,,
XUX668403,168,,,
ONN2567803,168,,,
HEE140569,168,,,
TMW523937,167.9875,,,
CCZ1519815,167.8666667,,,
YZD1027699,167.625,,,
IWC2426601,167.5,,,
BDL2421207,167.4736842,,,
RVP2557132,167,,,
RPW1555353,167,,,
IRH1100806,167,,,
EEL1397047,167,,,
DJL2188530,167,,,
HLJ1461158,166.9090909,,,
CBI544637,166.6666667,,,
YKX654252,165.7727273,,,
GGJ24101142,165.3333333,,,
DOK1642621,165.3333333,,,
ZOC872576,165,,,
XBA2239396,165,,,
WRI1028728,165,,,
VSG1583892,165,,,
VOV1839369,165,,,
VKI1652056,165,,,
TTZ1241919,165,,,
TGE9106104,165,,,
TFN595367,165,,,
RNL927378,165,,,
RFN2477379,165,,,
NZK1945951,165,,,
KSA1825410,165,,,
JFX2058902,165,,,
GSW2596096,165,,,
ERQ2485578,165,,,
ECO237590,165,,,
DWI1140983,165,,,
DST1115960,165,,,
DIE1158101,165,,,
CRN119587,165,,,
BSS1090381,165,,,
BJN219816,165,,,
AYZ895190,165,,,
QXE20104628,164,,,
BQL2465028,163.75,,,
SIN317013,163.7179487,,,
MJM2064107,163.6666667,,,
ZZY1437275,163.5,,,
WYW2228758,163.5,,,
NBW1967707,163.4,,,
RMK1576674,163,,,
OSS20101370,163,,,
LBD2124333,163,,,
EUG1693294,163,,,
HDD740884,162.6666667,,,
VIY371604,162.5,,,
OPI376470,162.5,,,
KZC7102816,162.5,,,
GZF690336,162.5,,,
ZJQ333816,162,,,
OXF941703,162,,,
OSU1990642,162,,,
NML214175,162,,,
LJJ8103713,162,,,
IFC2587405,162,,,
APA446179,161.9545455,,,
FQB863819,161.6666667,,,
KLT1531185,161.1,,,
LCZ2487216,161,,,
BCM2243290,160.96875,,,
DRG1988698,160.4545455,,,
KTC188377,160.25,,,
ZXY1812528,160,,,
WWG239207,160,,,
TQT2066618,160,,,
SVI753163,160,,,
QWF3108630,160,,,
KCT2581471,160,,,
HRR8109173,160,,,
DWE20105867,160,,,
BZZ22106899,160,,,
MSA981228,159.3333333,,,
ZDG1590918,159,,,
YJI26108867,159,,,
XSL18108975,159,,,
QWQ110116,159,,,
OPR599348,159,,,
MIK1671508,159,,,
KHK2129052,159,,,
GPC5109596,159,,,
ESU968547,159,,,
QZL2470059,158.3333333,,,
CKE478621,158.2,,,
WWU1593477,158,,,
VBT375123,158,,,
CRA575798,158,,,
COE859694,158,,,
YOC998046,157.6923077,,,
SJF2435334,157.6363636,,,
NHA1947136,157.5,,,
QOO1341286,157.3333333,,,
ZGC1697710,157.0909091,,,
RBI2278645,157,,,
GVO228809,157,,,
RIH1553748,156.8333333,,,
NDT2485677,156.8139535,,,
LZP2177964,156.6666667,,,
IWH23100440,156,,,
IKO1077679,156,,,
LWM264053,155.8888889,,,
JFK1786955,155.7777778,,,
BZT816959,155.75,,,
YGX840041,155.4,,,
FZC1877826,155.3333333,,,
VAP2550139,155.0909091,,,
YNT1363618,155,,,
POB19108036,155,,,
NSG986925,155,,,
DWU2259826,154.8333333,,,
TGX1029427,154.5,,,
SDL1350082,154.5,,,
VMD2137518,154,,,
ACJ1088413,154,,,
PEG1059364,153.75,,,
ZXS1160339,153.5,,,
XDL1444943,153.5,,,
PSQ2348720,153.5,,,
IYH1055032,153.5,,,
KRJ296717,153.125,,,
WBU164005,153,,,
QGV1958272,153,,,
CUM2162562,153,,,
BOB1828044,152.5,,,
HAD915798,152.4285714,,,
WPI283397,152.0740741,,,
TTB378168,151,,,
OOH853598,151,,,
FLO796471,151,,,
TGP1141175,150.7142857,,,
DGR2421312,150.5,,,
UFG1098649,150,,,
UEM1631416,150,,,
UAO557351,150,,,
TTA417685,150,,,
QDT423901,150,,,
KSI2356313,150,,,
FJK3104556,150,,,
DTY213188,150,,,
CJO174727,150,,,
AWL958608,150,,,
LNM627531,149.6666667,,,
ARC545648,149.5,,,
ZIR5105042,149,,,
SIU2499276,149,,,
DTO16105324,149,,,
ALG22104823,149,,,
KZU197548,148.6666667,,,
NJO2199792,148.5,,,
ZVB14101274,148.3333333,,,
GRO1533279,148.24,,,
WVP1623061,148,,,
PIV840356,148,,,
HGL2168145,148,,,
ODP111979,147.5,,,
CAA2106023,147.5,,,
MID87326,147.3333333,,,
ASY139795,147.3333333,,,
ETN2393642,147.0238095,,,
ZCK1930645,147,,,
VVN2324234,147,,,
TGL1495250,147,,,
QDG2453160,147,,,
WCZ1712018,146.9130435,,,
CQP845576,146.5,,,
CEQ1062262,146.5,,,
NUC1949713,145.8,,,
YTG2384213,145,,,
JLL2473875,145,,,
DGG344988,145,,,
AYE2171847,145,,,
SAV1177430,144.5,,,
XNP19106689,144,,,
VLU3106941,144,,,
TUS20104655,144,,,
PYG9102402,144,,,
PHE1489748,144,,,
ODL3107394,144,,,
IHQ487018,144,,,
CFD658728,144,,,
BFS1522995,144,,,
WMY2381234,143.3333333,,,
LWF2108387,143.25,,,
RKN539177,142.75,,,
WJM1223517,142.5,,,
ROP1884207,142.5,,,
WWG1315951,141.8,,,
BCX876152,141.5,,,
BGL1659247,141.2,,,
KNZ1698664,141,,,
DWC2252452,141,,,
TRT2444169,140,,,
SXD374697,140,,,
PLQ2072825,140,,,
JFR989181,140,,,
CSK2325803,140,,,
APX750703,140,,,
ZON898304,139.6666667,,,
IFC674295,139.3333333,,,
COZ1291569,139.3333333,,,
SRY1369957,139,,,
RYY2447700,139,,,
RQK1092610,139,,,
OJT2098754,139,,,
LNX1966510,139,,,
GML1846770,139,,,
HEL2238055,138.5,,,
GUO2089322,138.4545455,,,
LZQ1068532,138.2,,,
YXP1714328,138,,,
XAX278834,138,,,
WHR180319,138,,,
SRE11106674,138,,,
LPZ917793,137.5,,,
FQD439588,137.5,,,
CEQ1731401,137.3,,,
XNK194338,137,,,
UJO2642426,137,,,
HJH1975993,137,,,
ECU1138148,137,,,
EAH22109719,137,,,
ORT518405,136.5,,,
HAY341670,136.2857143,,,
BBL345000,136.2857143,,,
YJR444475,136,,,
STA2414646,136,,,
SBZ142093,136,,,
IXF2690528,136,,,
GDU1775663,136,,,
FCB69285,136,,,
DHR1124363,136,,,
VHK2021522,135.3214286,,,
SUM835316,135,,,
JYP9105858,135,,,
CEL1648933,135,,,
JUD26100140,134.2,,,
ZLE1417034,134,,,
YZR1993639,134,,,
VFO3104427,134,,,
PRP8101217,134,,,
LSU1446632,134,,,
ATN2243860,134,,,
KSQ2516185,133.4,,,
SCW2587471,133,,,
DOR2684342,133,,,
AKF1324090,133,,,
CLI2184321,132.65,,,
FXP1589229,132.5,,,
ZEI18100788,132.3571429,,,
XXE6107175,132,,,
VBT786259,132,,,
PZX1579200,132,,,
OIS1399657,132,,,
MVS4107379,132,,,
LBG280478,132,,,
GIG449560,132,,,
USI2632169,131.75,,,
HAU569807,131.6666667,,,
XEP1780445,131,,,
CIT2652935,131,,,
SCO652428,130.5,,,
XRG2124960,130,,,
XIG5100701,130,,,
XCU5104238,130,,,
RUX1365535,130,,,
KYL1665859,130,,,
GEI761335,130,,,
AZB1142270,130,,,
XLU1288128,129.8,,,
SHC1599747,129.5,,,
CEN2425017,129.5,,,
FIR1988512,129.3,,,
TLP392091,129,,,
LMJ985386,129,,,
LDO2014178,129,,,
ISZ464842,129,,,
BQY1391533,129,,,
AAX617733,129,,,
ZUZ968982,128.3333333,,,
PCP1416659,128.3333333,,,
UTP2328023,128,,,
HMA1012921,128,,,
ZIY2383046,127,,,
WKQ568979,127,,,
GBO2579857,127,,,
WQP1775462,126.6666667,,,
IXQ23108870,126.6666667,,,
XVY1773497,126.5,,,
VYO344565,125.6666667,,,
BFZ576344,125.2,,,
RAN1106956,125,,,
QMM638694,125,,,
NEM2058353,125,,,
LQH7102504,125,,,
ISP540293,125,,,
ILG956073,125,,,
FPI1477211,125,,,
DRV2474247,125,,,
ONC640761,124.5,,,
JSI1995316,124.5,,,
HBN496567,124.5,,,
EDV517082,124.5,,,
GQF271043,124.125,,,
WKM1177931,124,,,
IDD1383832,124,,,
HPF2044991,124,,,
HCL2178441,124,,,
UTL170386,123.75,,,
SDN543875,123.6666667,,,
VSD473740,123.375,,,
VOI1078321,123,,,
TIZ1129316,123,,,
BRQ680409,123,,,
JGZ449035,122.5833333,,,
LLB15101469,122,,,
CCQ1352671,122,,,
LSR1195634,121.7692308,,,
USK3102420,121.75,,,
AWS1725125,121.7,,,
VUJ2552713,121.5,,,
ZQE268256,121,,,
WTB2197689,121,,,
TKQ11108288,121,,,
PKS2297365,121,,,
GFX2194653,121,,,
HJH1790225,120.5227273,,,
VMO2242435,120.5,,,
CIA2199156,120.5,,,
TTJ518735,120.25,,,
ZRZ2173902,120,,,
VYS15103311,120,,,
VIE7103896,120,,,
SOB19106749,120,,,
OYZ1579971,120,,,
OHE20103512,120,,,
NYB1532937,120,,,
NAG5105843,120,,,
GDF716278,120,,,
MLI837098,119,,,
JVC17108222,119,,,
HCS12108024,119,,,
DLE6105018,119,,,
NHT1192412,118.0789474,,,
IDU717775,118,,,
UEK1127723,117.6666667,,,
QXI11105177,117.5,,,
LIE24108276,117.5,,,
DMJ1370332,117,,,
AZV920859,117,,,
RPZ1924015,116.5,,,
OAE274280,116.5,,,
DFL566495,116.25,,,
SAA1453226,116,,,
DAT2350937,116,,,
FDX1957303,115.75,,,
HAZ213275,115.625,,,
WWH2238094,115.5714286,,,
JQA959316,115.5,,,
YYI1475645,115.25,,,
ZPV2354468,115,,,
ZEW1353880,115,,,
XNC2666381,115,,,
RCQ1981588,115,,,
PYL325941,115,,,
DZT2486655,115,,,
HPW253523,114.75,,,
TNU1489568,114.25,,,
VCD2275411,114,,,
OFJ995391,114,,,
OBB554819,114,,,
FFR15102477,114,,,
SVS21104511,113.75,,,
QBM1482464,113.75,,,
XVT390210,113.5,,,
WOY477649,113,,,
NUK396972,113,,,
AUJ334275,112.5,,,
CVP1296570,112.3333333,,,
TRJ2020913,111.5,,,
WYG23102045,111,,,
EKE1574712,111,,,
AMS581435,111,,,
UNI1290693,110,,,
TYH1355314,110,,,
TCZ1105438,110,,,
ONK14103299,110,,,
OGK986697,110,,,
MSX9102645,110,,,
FKB24104067,110,,,
ESA1573080,110,,,
BPX259622,110,,,
BIA399933,110,,,
ALX1148141,110,,,
XLP1474307,109.5,,,
NLU1320679,109.5,,,
CPL1380202,109.3571429,,,
ZXM595103,109,,,
IUI180625,109,,,
BGD1837734,109,,,
NRM24101004,108.3333333,,,
HEV868259,108,,,
ENN1197656,107.6666667,,,
YAV1557783,107,,,
NNQ177829,107,,,
LGM1108390,107,,,
BGU862376,107,,,
BDD119131,106.875,,,
EWK2171367,106.5,,,
UCD396519,106,,,
FUZ577571,106,,,
VZL1697770,105.4,,,
ZWB332703,105,,,
WEQ2563903,105,,,
TIG1119839,105,,,
REU2463345,105,,,
MTI2259067,105,,,
GZE340881,105,,,
GNX1146968,105,,,
ANV6108306,105,,,
PXQ348006,104.3333333,,,
EZY1497443,104.3333333,,,
PLT984303,103,,,
FNK415777,103,,,
CKM2340065,103,,,
JFB485836,102.5,,,
TAE23102369,102,,,
EYR18107613,101.3333333,,,
GUY1255695,101,,,
ZAY1163573,100,,,
WDR1132643,100,,,
UXW2349014,100,,,
TAD2533435,100,,,
RAY1485461,100,,,
PKI1018834,100,,,
NBK1949884,100,,,
MUS2368196,100,,,
MDZ3106380,100,,,
ITN1343008,100,,,
IME916542,100,,,
GZT1253004,100,,,
ESI1069132,100,,,
DLE17108519,100,,,
CSH1386412,100,,,
NAT718099,99.75,,,
KAV2274013,99.33333333,,,
RYG2411808,99.25,,,
UZR591128,99,,,
JPK2513212,99,,,
IMJ2543893,99,,,
AWP1211478,99,,,
NFG18106944,98.66666667,,,
MQT11103953,98,,,
CJB427210,97.6,,,
DGX1088092,97,,,
BXJ1844835,97,,,
HFC2379083,96.5,,,
TVC2578987,96,,,
STA345969,96,,,
LUS145987,96,,,
GEE2499381,95.5,,,
ZED939447,95,,,
ZBJ245972,95,,,
XDV2668367,95,,,
TIM13109536,95,,,
SBG2022788,95,,,
RUD13101856,95,,,
PWC1108177,95,,,
PTZ1943866,95,,,
OZY22108357,95,,,
NWM23108789,95,,,
NAB398967,95,,,
MFH1553973,95,,,
LXP1036573,95,,,
KAE18104253,95,,,
HQN1279314,95,,,
EKH1073095,95,,,
DZO1623748,95,,,
CWI22103137,95,,,
CIK1168346,95,,,
IHP2159862,94.33898305,,,
QIS17109512,94,,,
CZM1377043,94,,,
ZAY269873,93.75,,,
DZL348165,93.5,,,
QKQ2697584,93.33333333,,,
OVV2087447,93,,,
TLE1488662,92,,,
PMX1376566,92,,,
VZA1899411,91.33333333,,,
SFY2238961,91,,,
MDQ693972,90.66666667,,,
LWB1120634,90.5,,,
ZAN2012183,90,,,
VME1774841,90,,,
PAF1880172,90,,,
OKV1935154,90,,,
MGZ2252923,90,,,
JGS1946479,90,,,
GIT1753139,90,,,
EVX1445990,90,,,
SCP1238769,89,,,
JOS2107946,88.33333333,,,
NUJ2443854,88,,,
TOU1981462,87.6,,,
ZMI1922218,87.5,,,
RHD152233,87.5,,,
CZK185239,87.5,,,
TMR25100011,87,,,
HOJ1580673,86.5,,,
ONS118772,86.43529412,,,
FOB14102081,85.66666667,,,
PFO2039984,85.24137931,,,
ZEX1237611,85,,,
YMK16104583,85,,,
OJK2669258,85,,,
MKN1888995,85,,,
MEZ2093711,85,,,
EFM1450679,85,,,
CWD1837311,85,,,
CTB18104676,85,,,
XPE498400,84,,,
TYW617451,84,,,
LWR118015,84,,,
CVS1599333,84,,,
BQF3109371,84,,,
OLC2177541,83.5,,,
BHQ1036549,83.33333333,,,
TKL2297065,82.5,,,
JJF2279626,82.5,,,
BPN16106563,82,,,
NST2323250,80.66666667,,,
GOU269480,80.66666667,,,
YHI1657111,80,,,
UEM2289295,80,,,
STL1178504,80,,,
SIO169333,80,,,
RRQ1148840,80,,,
MIU339429,80,,,
KFF2176191,80,,,
AAQ1920322,80,,,
XHH919803,79,,,
WOG342774,79,,,
OXR538001,79,,,
EWK1781732,78,,,
QSO2297497,77.66666667,,,
PYO26106974,77,,,
DOG2078222,75.8,,,
XGA474790,75,,,
XBZ398022,75,,,
SJZ1285038,75,,,
QXT1887921,75,,,
OGD1659100,75,,,
OBS1528356,75,,,
MBM1154174,75,,,
ICT218471,75,,,
FFL1582818,75,,,
BLN5103104,75,,,
AHW1574421,75,,,
OHB2437005,74.66666667,,,
JMH2668004,74,,,
XCX870470,73.16666667,,,
ZHD885350,73,,,
IAN1641616,73,,,
VLW5106596,72.5,,,
IJE10107031,72.5,,,
IIF263882,72.5,,,
QAF2381636,72.33333333,,,
SQB2365598,72,,,
CZZ1570530,72,,,
BYP1472822,70.66666667,,,
TLU5104838,70.6,,,
YMM26103698,70,,,
YHL1588869,70,,,
NMT840413,70,,,
IQF18109194,70,,,
VHV1462070,69,,,
NIU12109119,69,,,
JDE16106185,69,,,
WNL1565283,68,,,
PPP1077352,68,,,
DTY2182749,68,,,
XSI1349689,67,,,
WRW425965,67,,,
KHY1105642,67,,,
INR773899,67,,,
GXK966693,67,,,
ITF877505,66.83333333,,,
AYX694254,66,,,
ZCC2261377,65,,,
WPP1837920,65,,,
RTG2381057,65,,,
IQB2239243,65,,,
CYX2379254,65,,,
CLV1161017,65,,,
AHA2443395,65,,,
ACC934782,65,,,
EHS2236036,63.25,,,
WGN2619701,63,,,
LEJ2331875,63,,,
HAG21106059,63,,,
DED2073986,63,,,
CJN2336822,63,,,
WGD14105432,62.25,,,
IYZ1197647,62,,,
HIQ2160360,62,,,
DOH1168739,62,,,
ILV2097809,60.25,,,
POJ21100572,60,,,
OXU2284885,60,,,
OIG2441010,60,,,
JXJ6108813,60,,,
JKN26104898,60,,,
IQQ1934425,60,,,
IQG966126,60,,,
HHD1575822,60,,,
EGA12102435,60,,,
CQV1578570,60,,,
UQL139033,58.75,,,
IOK17100845,58.33333333,,,
RNW1047121,57.5,,,
BRP2474085,57.5,,,
TGZ281468,56.33333333,,,
TPX1696315,56.25,,,
EOB2465469,56,,,
TFU1521279,55,,,
SNP4107265,55,,,
HFJ18108459,55,,,
ELM2389259,55,,,
OYF1483976,53.66666667,,,
CRI2120766,52,,,
SRU880124,51,,,
QJT2643041,51,,,
KWY232853,51,,,
TPS1662028,50,,,
MLM68187,50,,,
KEO20104571,50,,,
KCS4103704,50,,,
ATB4106308,50,,,
ZLQ23104592,49,,,
IDZ679740,49,,,
PKG1100986,48.66666667,,,
JTJ2247424,48,,,
AKI563159,48,,,
CQK1620880,47.5,,,
SLJ778486,47,,,
IIZ1102192,47,,,
FFW358485,47,,,
ZQY1828911,46.66666667,,,
EAD2227441,45,,,
UCA1113899,44,,,
LZV17101358,44,,,
KCS2345732,44,,,
LRD14101595,43.21428571,,,
MDI1439153,43,,,
MAH587801,43,,,
XQM16100710,42,,,
VQR886934,42,,,
TQK184684,42,,,
FWW1746938,41,,,
ZHN1622848,40,,,
XCX2185884,40,,,
SBG582863,40,,,
RWM21103935,40,,,
MOI2325953,40,,,
EOD337059,40,,,
BRR2056655,38,,,
CEJ2455584,37.5,,,
WOR2199780,37,,,
MLW1283097,37,,,
ETP834392,37,,,
LAT2377655,35,,,
KAJ144664,34,,,
WKN16105855,31.33333333,,,
XHF16103125,30,,,
VIZ2398553,30,,,
VRV2671124,28,,,
IWF1681546,28,,,
MIU669690,25,,,
WDW1994410,22,,,
HIE2652692,22,,,
CGP952419,22,,,
CEE1820355,22,,,
YYK596966,20,,,
YKP2359946,20,,,
LYN21106821,20,,,
JGD745642,20,,,
IUU1179773,20,,,
GGA916647,20,,,
ALL6106833,20,,,
ODG1034371,15,,,
BGR2372960,15,,,
XTN17102597,0,,,
WUO244697,0,,,
VUO1878360,0,,,
VNG1950019,0,,,
SOG14109293,0,,,
PIW1787111,0,,,
NRN1749047,0,,,
NQM134638,0,,,
MJK644709,0,,,
IIQ9109104,0,,,
HYI10103110,0,,,
EXR16101706,0,,,
ESP1681726,0,,,
EDX1418408,0,,,
ECW1496573,0,,,
BXE108709,0,,,
BMS1940428,0,,,
Grand Total,371.2831354,,,
,,,,
,,,,
,,,,
,,,,
12.    Calculate aggregated LTV at customer acquisition source level. Refer to aggregated LTV example.,,,,
,,,,
,,,,
Source,Count of User ID,Sum of LTV,Aggregate of LTV2,
Facebook,2618,976718,373.0779221,
Google,5348,2048655,383.0693717,
Instagram,2784,971935,349.1145833,
Offline Campaign,2862,1067669,373.0499651,
Organic,6680,2423055,362.7327844,
Snapchat,2531,985763,389.4757013,
Grand Total,22823,8473795,371.2831354,
,,,,
,,,,
,,,,
,,,,
,,,,
,,,,
,,,,
,,,,
,,,,
,,,,
,,,,
13.    Calculate aggregated  LTV at acquisition month level. Refer to aggregated LTV example.,,,,
,,,,
,,,,
Acuisition month,Count of User ID,Sum of LTV,Aggregate of LTV,
April,2500,896354,358.5416,
August,1231,412883,335.4045491,
February,2828,1022771,361.6587694,
January,8456,3372652,398.8472091,
July,1077,373480,346.7780873,
June,1254,437009,348.4920255,
March,2074,769271,370.9117647,
May,2429,908085,373.8513792,
September,974,281290,288.798768,
Grand Total,22823,8473795,371.2831354,
,,,,
,,,,
,,,,
,,,,
,,,,
,,,,
14.    What is the average Revenue(Product amount after discount) per order at different customer acquisition source level?,,,,
,,,,
,,,,
Source,Average of revenue,,,
Snapchat,₹ 346,,,
Google,₹ 344,,,
Facebook,₹ 329,,,
Offline Campaign,₹ 328,,,
Organic,₹ 325,,,
Instagram,₹ 303,,,
Grand Total,₹ 330,,,
,,,,
,,,,
,,,,
,,,,
,,,,
,,,,
15.    What is the average Revenue(Product amount after discount) per order at acquisition month level?,,,,
,,,,
,,,,
Acuisition month,Average of revenue,,,
April,₹ 319.79,,,
August,₹ 266.08,,,
February,₹ 322.09,,,
January,₹ 362.00,,,
July,₹ 297.75,,,
June,₹ 305.77,,,
March,₹ 330.64,,,
May,₹ 328.84,,,
September,₹ 246.94,,,
Grand Total,₹ 329.86,,,
,,,,
,,,,
,,,,
"16.    Is there any pattern in order rating across slots, number of items placed, delivery charges, discount. For example, there might be an insight from the data that orders placed during late night are generally rated high. While orders placed in early morning are not rated high. OR orders having more than 5 items are generally rated high. ",,,,
,,,,
,,,,
,,,,
Time slot,Average of Order Rating,Sum of items placed,Average of Delivery Charges,Average of Discount
Afternoon,4.859754738,29149,19.24758842,24.07615502
Evening,4.852288683,23387,19.98595147,24.0896126
Late Night,4.83974359,4516,32.28942369,9.815706143
Morning,4.85620438,27295,18.99552489,23.15662875
Night,4.84306096,21571,20.97061098,22.2420727
Grand Total,4.852306613,105918,20.63932045,22.45336913